claim_id,model,model_id,level,run,predicted_code,predicted_theme,confidence,choice_set_size
C891,deepseek,deepseek-chat,L1,1,CI IS ASSOCIATED WITH TECHNICAL CHALLENGES,SOFTWARE PROCESS,0.45,8
C892,deepseek,deepseek-chat,L1,1,CI IS ASSOCIATED WITH A COMMIT PATTERN CHANGE,INTEGRATION PATTERNS,0.85,4
C893,deepseek,deepseek-chat,L1,1,CI IS ASSOCIATED WITH A COMMIT PATTERN CHANGE,INTEGRATION PATTERNS,0.85,4
C894,deepseek,deepseek-chat,L1,1,CI IS ASSOCIATED WITH AN IMPROVEMENT IN SATISFACTION,DEVELOPMENT ACTIVITIES,0.95,10
C895,deepseek,deepseek-chat,L1,1,CI IS RELATED TO POSITIVE IMPACTS ON TEST PRACTICE,QUALITY ASSURANCE,0.85,4
C896,deepseek,deepseek-chat,L1,1,CI IS ASSOCIATED WITH TECHNICAL CHALLENGES,SOFTWARE PROCESS,0.85,8
C897,deepseek,deepseek-chat,L1,1,CI IS ASSOCIATED WITH A WORKLOAD REDUCTION,DEVELOPMENT ACTIVITIES,0.85,10
C898,deepseek,deepseek-chat,L1,1,CI IS ASSOCIATED WITH ADDING EXTRA COMPLEXITY,DEVELOPMENT ACTIVITIES,0.95,10
C899,deepseek,deepseek-chat,L1,1,CI IS ASSOCIATED WITH AN INCREASE IN COOPERATION,SOFTWARE PROCESS,0.95,8
C901,deepseek,deepseek-chat,L1,1,CI IS ASSOCIATED WITH DEFECTS REDUCTION,ISSUES AND DEFECTS,0.85,3
C903,deepseek,deepseek-chat,L1,1,CI IS ASSOCIATED WITH BUILD HEALTH,BUILD PATTERNS,0.85,2
C904,deepseek,deepseek-chat,L1,1,CI IS RELATED TO PRODUCTIVITY AND EFFICIENCY INCREASING,DEVELOPMENT ACTIVITIES,0.85,10
C905,deepseek,deepseek-chat,L1,1,CI IS ASSOCIATED WITH TECHNICAL CHALLENGES,SOFTWARE PROCESS,0.85,8
C906,deepseek,deepseek-chat,L1,1,CI IS RELATED TO PRODUCTIVITY AND EFFICIENCY INCREASING,DEVELOPMENT ACTIVITIES,0.95,10
C907,deepseek,deepseek-chat,L1,1,CI IS ASSOCIATED WITH CONFIDENCE IMPROVEMENT,DEVELOPMENT ACTIVITIES,0.95,10
C908,deepseek,deepseek-chat,L1,1,CI IS ASSOCIATED WITH SOFTWARE DEVELOPMENT BENEFITS,SOFTWARE PROCESS,0.85,8
C909,deepseek,deepseek-chat,L1,1,CI IS ASSOCIATED WITH TO FAVOR CONTINUOUS REFACTORING,QUALITY ASSURANCE,0.95,4
C910,deepseek,deepseek-chat,L1,1,CI IS RELATED TO AN INCREASE QUALITY ASSESSMENT,QUALITY ASSURANCE,0.85,4
C911,deepseek,deepseek-chat,L1,1,CI FACILITATES THE TRANSITION TO AGILE,SOFTWARE PROCESS,0.95,8
C912,deepseek,deepseek-chat,L1,1,CI IS ASSOCIATED WITH A FEED BACK FREQUENCY INCREASE,SOFTWARE PROCESS,0.95,8
C913,deepseek,deepseek-chat,L1,1,CI IS ASSOCIATED WITH AN IMPROVEMENT IN PROCESS RELIABILITY,SOFTWARE PROCESS,0.85,8
C914,deepseek,deepseek-chat,L1,1,CI IS RELATED TO POSITIVE IMPACTS ON PULL REQUESTS LIFE-CYCLE,INTEGRATION PATTERNS,0.85,4
C915,deepseek,deepseek-chat,L1,1,CI IS ASSOCIATED WITH BUILD HEALTH,BUILD PATTERNS,0.95,2
C916,deepseek,deepseek-chat,L1,1,CI IS ASSOCIATED WITH BUILD HEALTH,BUILD PATTERNS,0.85,2
C917,deepseek,deepseek-chat,L1,1,CI IS ASSOCIATED WITH DEFECTS REDUCTION,ISSUES AND DEFECTS,0.95,3
C918,deepseek,deepseek-chat,L1,1,CI IS ASSOCIATED WITH A DECREASE IN TIME TO LEAD DEFECTS,ISSUES AND DEFECTS,0.95,3
C919,deepseek,deepseek-chat,L1,1,CI IS ASSOCIATED WITH AN INCREASE IN COOPERATION,SOFTWARE PROCESS,0.85,8
C920,deepseek,deepseek-chat,L1,1,CI IS ASSOCIATED WITH AN INCREASE IN COOPERATION,SOFTWARE PROCESS,0.85,8
C921,deepseek,deepseek-chat,L1,1,CI IS ASSOCIATED WITH AN IMPROVEMENT IN PROCESS RELIABILITY,SOFTWARE PROCESS,0.85,8
C922,deepseek,deepseek-chat,L1,1,CI IS RELATED TO PRODUCTIVITY AND EFFICIENCY INCREASING,DEVELOPMENT ACTIVITIES,0.95,10
C923,deepseek,deepseek-chat,L1,1,CI IS RELATED TO POSITIVE IMPACTS ON TEST PRACTICE,QUALITY ASSURANCE,0.85,4
C924,deepseek,deepseek-chat,L1,1,CI IS RELATED TO POSITIVE IMPACTS ON TEST PRACTICE,QUALITY ASSURANCE,0.75,4
C925,deepseek,deepseek-chat,L1,1,CI IS RELATED TO AN INCREASE QUALITY ASSESSMENT,QUALITY ASSURANCE,0.65,4
C926,deepseek,deepseek-chat,L1,1,CI IS RELATED TO POSITIVE IMPACTS ON RELEASE CYCLE,SOFTWARE PROCESS,0.85,8
C927,deepseek,deepseek-chat,L1,1,CI IS ASSOCIATED TO MULTI-ENVIRONMENT TESTS,QUALITY ASSURANCE,0.95,4
C928,deepseek,deepseek-chat,L1,1,CI IS ASSOCIATED WITH CONFIDENCE IMPROVEMENT,DEVELOPMENT ACTIVITIES,0.95,10
C930,deepseek,deepseek-chat,L1,1,CI IS ASSOCIATED WITH TECHNICAL CHALLENGES,SOFTWARE PROCESS,0.85,8
C931,deepseek,deepseek-chat,L1,1,CI MAY GENERATE A FALSE SENSE OF CONFIDENCE,DEVELOPMENT ACTIVITIES,1.0,10
C932,deepseek,deepseek-chat,L1,1,CI IS ASSOCIATED WITH HUMAN CHALLENGES,DEVELOPMENT ACTIVITIES,0.85,10
C933,deepseek,deepseek-chat,L1,1,CI IS ASSOCIATED WITH ADDING EXTRA COMPLEXITY,DEVELOPMENT ACTIVITIES,0.85,10
C934,deepseek,deepseek-chat,L1,1,CI IS ASSOCIATED WITH AN IMPROVEMENT IN PROCESS AUTOMATION,SOFTWARE PROCESS,0.95,8
C936,deepseek,deepseek-chat,L1,1,CI IS RELATED TO PRODUCTIVITY AND EFFICIENCY INCREASING,DEVELOPMENT ACTIVITIES,0.95,10
C937,deepseek,deepseek-chat,L1,1,CI IS ASSOCIATED WITH A DECREASE IN TIME TO LEAD DEFECTS,ISSUES AND DEFECTS,0.85,3
C938,deepseek,deepseek-chat,L1,1,CI IS RELATED TO POSITIVE IMPACTS ON RELEASE CYCLE,SOFTWARE PROCESS,0.95,8
C939,deepseek,deepseek-chat,L1,1,CI IS RELATED TO AN INCREASE QUALITY ASSESSMENT,QUALITY ASSURANCE,0.75,4
C940,deepseek,deepseek-chat,L1,1,CI IS RELATED TO POSITIVE IMPACTS ON PULL REQUESTS LIFE-CYCLE,INTEGRATION PATTERNS,0.85,4
C941,deepseek,deepseek-chat,L1,1,CI IS RELATED TO PRODUCTIVITY AND EFFICIENCY INCREASING,DEVELOPMENT ACTIVITIES,0.95,10
C943,deepseek,deepseek-chat,L1,1,CI IS ASSOCIATED WITH DEFECTS REDUCTION,ISSUES AND DEFECTS,0.85,3
C944,deepseek,deepseek-chat,L1,1,CI IS RELATED TO POSITIVE IMPACTS ON PULL REQUESTS LIFE-CYCLE,INTEGRATION PATTERNS,0.85,4
C945,deepseek,deepseek-chat,L1,1,CI IS RELATED TO NEGATIVE IMPACTS ON PULL REQUESTS LIFE-CYCLE,INTEGRATION PATTERNS,0.85,4
C946,deepseek,deepseek-chat,L1,1,CI IS RELATED TO NEGATIVE IMPACTS ON PULL REQUESTS LIFE-CYCLE,INTEGRATION PATTERNS,0.95,4
C947,deepseek,deepseek-chat,L1,1,CI IS RELATED TO POSITIVE IMPACTS ON PULL REQUESTS LIFE-CYCLE,INTEGRATION PATTERNS,0.85,4
C948,deepseek,deepseek-chat,L1,1,CI IS RELATED TO POSITIVE IMPACTS ON PULL REQUESTS LIFE-CYCLE,INTEGRATION PATTERNS,0.85,4
C949,deepseek,deepseek-chat,L1,1,CI IS ASSOCIATED WITH AN INCREASE IN COOPERATION,SOFTWARE PROCESS,0.85,8
C950,deepseek,deepseek-chat,L1,1,CI IS ASSOCIATED WITH A COMMIT PATTERN CHANGE,INTEGRATION PATTERNS,0.85,4
C951,deepseek,deepseek-chat,L1,1,CI IS ASSOCIATED WITH A COMMIT PATTERN CHANGE,INTEGRATION PATTERNS,0.85,4
C952,deepseek,deepseek-chat,L1,1,CI IS RELATED TO NEGATIVE IMPACTS ON PULL REQUESTS LIFE-CYCLE,INTEGRATION PATTERNS,0.85,4
C953,deepseek,deepseek-chat,L1,1,CI IS ASSOCIATED WITH ISSUES REDUCTION,ISSUES AND DEFECTS,0.85,3
C954,deepseek,deepseek-chat,L1,1,CI IS RELATED TO POSITIVE IMPACTS ON TEST PRACTICE,QUALITY ASSURANCE,0.85,4
C955,deepseek,deepseek-chat,L1,1,CI IS ASSOCIATED WITH A DECREASE IN MAGNETISM AND RETENTION,DEVELOPMENT ACTIVITIES,1.0,10
C956,deepseek,deepseek-chat,L1,1,CI IS ASSOCIATED WITH A DECREASED PERCEPTION OF PRODUCTIVITY,DEVELOPMENT ACTIVITIES,0.95,10
C957,deepseek,deepseek-chat,L1,1,CI IS ASSOCIATED WITH HUMAN CHALLENGES,DEVELOPMENT ACTIVITIES,0.45,10
C958,deepseek,deepseek-chat,L1,1,CI IS ASSOCIATED WITH SOFTWARE DEVELOPMENT BENEFITS,SOFTWARE PROCESS,0.4,8
C959,deepseek,deepseek-chat,L1,1,CI IS RELATED TO POSITIVE IMPACTS ON TEST PRACTICE,QUALITY ASSURANCE,0.85,4
C960,deepseek,deepseek-chat,L1,1,CI IS RELATED TO PRODUCTIVITY AND EFFICIENCY INCREASING,DEVELOPMENT ACTIVITIES,0.3,10
C961,deepseek,deepseek-chat,L1,1,CI IS ASSOCIATED WITH DEFECTS REDUCTION,ISSUES AND DEFECTS,0.85,3
C962,deepseek,deepseek-chat,L1,1,CI IS ASSOCIATED WITH CONFIDENCE IMPROVEMENT,DEVELOPMENT ACTIVITIES,0.85,10
C964,deepseek,deepseek-chat,L1,1,CI IS RELATED TO POSITIVE IMPACTS ON RELEASE CYCLE,SOFTWARE PROCESS,0.95,8
C965,deepseek,deepseek-chat,L1,1,CI IS RELATED TO POSITIVE IMPACTS ON RELEASE CYCLE,SOFTWARE PROCESS,0.85,8
C966,deepseek,deepseek-chat,L1,1,CI IS ASSOCIATED WITH A POSITIVE IMPACT ON INTEGRATION PRACTICE,INTEGRATION PATTERNS,0.95,4
C967,deepseek,deepseek-chat,L1,1,CI IS ASSOCIATED WITH SOFTWARE DEVELOPMENT BENEFITS,SOFTWARE PROCESS,0.45,8
C968,deepseek,deepseek-chat,L1,1,CI IS ASSOCIATED TO MULTI-ENVIRONMENT TESTS,QUALITY ASSURANCE,0.95,4
C969,deepseek,deepseek-chat,L1,1,CI IS RELATED TO POSITIVE IMPACTS ON TEST PRACTICE,QUALITY ASSURANCE,0.85,4
C970,deepseek,deepseek-chat,L1,1,CI IS RELATED TO POSITIVE IMPACTS ON TEST PRACTICE,QUALITY ASSURANCE,0.85,4
C971,deepseek,deepseek-chat,L1,1,CI IS RELATED TO AN INCREASE QUALITY ASSESSMENT,QUALITY ASSURANCE,0.85,4
C972,deepseek,deepseek-chat,L1,1,CI IS RELATED TO PRODUCTIVITY AND EFFICIENCY INCREASING,DEVELOPMENT ACTIVITIES,0.85,10
C973,deepseek,deepseek-chat,L1,1,CI IS ASSOCIATED WITH ORGANIZATIONAL CHALLENGES,DEVELOPMENT ACTIVITIES,0.45,10
C974,deepseek,deepseek-chat,L1,1,CI IS ASSOCIATED WITH DEFECTS REDUCTION,ISSUES AND DEFECTS,0.85,3
C975,deepseek,deepseek-chat,L1,1,CI IS ASSOCIATED WITH CONFIDENCE IMPROVEMENT,DEVELOPMENT ACTIVITIES,0.85,10
C976,deepseek,deepseek-chat,L1,1,CI IS RELATED TO POSITIVE IMPACTS ON RELEASE CYCLE,SOFTWARE PROCESS,0.95,8
C977,deepseek,deepseek-chat,L1,1,CI IS RELATED TO POSITIVE IMPACTS ON PULL REQUESTS LIFE-CYCLE,INTEGRATION PATTERNS,0.95,4
C978,deepseek,deepseek-chat,L1,1,CI IS ASSOCIATED TO MULTI-ENVIRONMENT TESTS,QUALITY ASSURANCE,0.85,4
C979,deepseek,deepseek-chat,L1,1,CI IS RELATED TO POSITIVE IMPACTS ON RELEASE CYCLE,SOFTWARE PROCESS,0.85,8
C980,deepseek,deepseek-chat,L1,1,CI IS ASSOCIATED WITH A POSITIVE IMPACT ON INTEGRATION PRACTICE,INTEGRATION PATTERNS,0.95,4
C981,deepseek,deepseek-chat,L1,1,CI IS ASSOCIATED TO MULTI-ENVIRONMENT TESTS,QUALITY ASSURANCE,0.85,4
C982,deepseek,deepseek-chat,L1,1,CI IS RELATED TO PRODUCTIVITY AND EFFICIENCY INCREASING,DEVELOPMENT ACTIVITIES,0.75,10
C983,deepseek,deepseek-chat,L1,1,CI IS RELATED TO POSITIVE IMPACTS ON PULL REQUESTS LIFE-CYCLE,INTEGRATION PATTERNS,0.85,4
C984,deepseek,deepseek-chat,L1,1,CI IS RELATED TO POSITIVE IMPACTS ON RELEASE CYCLE,SOFTWARE PROCESS,0.85,8
C985,deepseek,deepseek-chat,L1,1,CI IS ASSOCIATED WITH BUILD HEALTH,BUILD PATTERNS,0.85,2
C986,deepseek,deepseek-chat,L1,1,CI IS ASSOCIATED WITH A DECREASING IN BUILD TIME,BUILD PATTERNS,1.0,2
C987,deepseek,deepseek-chat,L1,1,CI IS ASSOCIATED WITH A POSITIVE IMPACT ON INTEGRATION PRACTICE,INTEGRATION PATTERNS,0.85,4
C988,deepseek,deepseek-chat,L1,1,CI IS RELATED TO POSITIVE IMPACTS ON TEST PRACTICE,QUALITY ASSURANCE,0.85,4
C990,deepseek,deepseek-chat,L1,1,CI IS RELATED TO POSITIVE IMPACTS ON PULL REQUESTS LIFE-CYCLE,INTEGRATION PATTERNS,0.45,4
C992,deepseek,deepseek-chat,L1,1,CI IS RELATED TO PRODUCTIVITY AND EFFICIENCY INCREASING,DEVELOPMENT ACTIVITIES,0.85,10
C993,deepseek,deepseek-chat,L1,1,CI IS RELATED TO AN INCREASE QUALITY ASSESSMENT,QUALITY ASSURANCE,0.45,4
C994,deepseek,deepseek-chat,L1,1,CI IS ASSOCIATED WITH DEFECTS REDUCTION,ISSUES AND DEFECTS,0.75,3
C995,deepseek,deepseek-chat,L1,1,CI IS RELATED TO POSITIVE IMPACTS ON TEST PRACTICE,QUALITY ASSURANCE,0.85,4
C996,deepseek,deepseek-chat,L1,1,CI IS ASSOCIATED TO MULTI-ENVIRONMENT TESTS,QUALITY ASSURANCE,0.95,4
C998,deepseek,deepseek-chat,L1,1,CI IS ASSOCIATED WITH AN INCREASE IN COOPERATION,SOFTWARE PROCESS,0.85,8
C999,deepseek,deepseek-chat,L1,1,CI IS ASSOCIATED WITH AN IMPROVEMENT IN PROCESS AUTOMATION,SOFTWARE PROCESS,0.85,8
C1000,deepseek,deepseek-chat,L1,1,CI IS ASSOCIATED WITH CONFIDENCE IMPROVEMENT,DEVELOPMENT ACTIVITIES,0.95,10
C1001,deepseek,deepseek-chat,L1,1,CI MAY GENERATE A FALSE SENSE OF CONFIDENCE,DEVELOPMENT ACTIVITIES,1.0,10
C1002,deepseek,deepseek-chat,L1,1,CI IS ASSOCIATED WITH ADDING EXTRA COMPLEXITY,DEVELOPMENT ACTIVITIES,0.85,10
C1003,deepseek,deepseek-chat,L1,1,CI IS ASSOCIATED WITH ADDING EXTRA COMPLEXITY,DEVELOPMENT ACTIVITIES,0.45,10
C1004,deepseek,deepseek-chat,L1,1,CI IS ASSOCIATED WITH HUMAN CHALLENGES,DEVELOPMENT ACTIVITIES,0.85,10
C1005,deepseek,deepseek-chat,L1,1,CI IS ASSOCIATED WITH DEFECTS REDUCTION,ISSUES AND DEFECTS,0.85,3
C1007,deepseek,deepseek-chat,L1,1,CI IS ASSOCIATED WITH AN INCREASE IN COOPERATION,SOFTWARE PROCESS,0.85,8
C1008,deepseek,deepseek-chat,L1,1,CI IS ASSOCIATED WITH ISSUES REDUCTION,ISSUES AND DEFECTS,0.75,3
C1010,deepseek,deepseek-chat,L1,1,CI IS ASSOCIATED WITH SOFTWARE DEVELOPMENT BENEFITS,SOFTWARE PROCESS,0.45,8
C1012,deepseek,deepseek-chat,L1,1,CI IS ASSOCIATED WITH SOFTWARE DEVELOPMENT BENEFITS,SOFTWARE PROCESS,0.45,8
C1013,deepseek,deepseek-chat,L1,1,CI IS RELATED TO AN INCREASE QUALITY ASSESSMENT,QUALITY ASSURANCE,0.85,4
C1014,deepseek,deepseek-chat,L1,1,CI IS ASSOCIATED WITH A WORKLOAD REDUCTION,DEVELOPMENT ACTIVITIES,0.95,10
C1015,deepseek,deepseek-chat,L1,1,CI IS ASSOCIATED WITH AN IMPROVEMENT IN PROCESS AUTOMATION,SOFTWARE PROCESS,0.85,8
C891,deepseek,deepseek-chat,L1,2,CI IS ASSOCIATED WITH TECHNICAL CHALLENGES,SOFTWARE PROCESS,0.45,8
C892,deepseek,deepseek-chat,L1,2,CI IS ASSOCIATED WITH A COMMIT PATTERN CHANGE,INTEGRATION PATTERNS,0.85,4
C893,deepseek,deepseek-chat,L1,2,CI IS ASSOCIATED WITH A COMMIT PATTERN CHANGE,INTEGRATION PATTERNS,0.85,4
C894,deepseek,deepseek-chat,L1,2,CI IS ASSOCIATED WITH AN IMPROVEMENT IN SATISFACTION,DEVELOPMENT ACTIVITIES,0.95,10
C895,deepseek,deepseek-chat,L1,2,CI IS RELATED TO POSITIVE IMPACTS ON TEST PRACTICE,QUALITY ASSURANCE,0.85,4
C896,deepseek,deepseek-chat,L1,2,CI IS ASSOCIATED WITH TECHNICAL CHALLENGES,SOFTWARE PROCESS,0.85,8
C897,deepseek,deepseek-chat,L1,2,CI IS ASSOCIATED WITH A WORKLOAD REDUCTION,DEVELOPMENT ACTIVITIES,0.85,10
C898,deepseek,deepseek-chat,L1,2,CI IS ASSOCIATED WITH ADDING EXTRA COMPLEXITY,DEVELOPMENT ACTIVITIES,0.95,10
C899,deepseek,deepseek-chat,L1,2,CI IS ASSOCIATED WITH AN INCREASE IN COOPERATION,SOFTWARE PROCESS,0.95,8
C901,deepseek,deepseek-chat,L1,2,CI IS ASSOCIATED WITH DEFECTS REDUCTION,ISSUES AND DEFECTS,0.85,3
C903,deepseek,deepseek-chat,L1,2,CI IS ASSOCIATED WITH BUILD HEALTH,BUILD PATTERNS,0.85,2
C904,deepseek,deepseek-chat,L1,2,CI IS RELATED TO PRODUCTIVITY AND EFFICIENCY INCREASING,DEVELOPMENT ACTIVITIES,0.85,10
C905,deepseek,deepseek-chat,L1,2,CI IS ASSOCIATED WITH TECHNICAL CHALLENGES,SOFTWARE PROCESS,0.85,8
C906,deepseek,deepseek-chat,L1,2,CI IS RELATED TO PRODUCTIVITY AND EFFICIENCY INCREASING,DEVELOPMENT ACTIVITIES,0.95,10
C907,deepseek,deepseek-chat,L1,2,CI IS ASSOCIATED WITH CONFIDENCE IMPROVEMENT,DEVELOPMENT ACTIVITIES,0.95,10
C908,deepseek,deepseek-chat,L1,2,CI IS ASSOCIATED WITH SOFTWARE DEVELOPMENT BENEFITS,SOFTWARE PROCESS,0.85,8
C909,deepseek,deepseek-chat,L1,2,CI IS ASSOCIATED WITH TO FAVOR CONTINUOUS REFACTORING,QUALITY ASSURANCE,0.95,4
C910,deepseek,deepseek-chat,L1,2,CI IS RELATED TO AN INCREASE QUALITY ASSESSMENT,QUALITY ASSURANCE,0.85,4
C911,deepseek,deepseek-chat,L1,2,CI FACILITATES THE TRANSITION TO AGILE,SOFTWARE PROCESS,0.95,8
C912,deepseek,deepseek-chat,L1,2,CI IS ASSOCIATED WITH A FEED BACK FREQUENCY INCREASE,SOFTWARE PROCESS,0.95,8
C913,deepseek,deepseek-chat,L1,2,CI IS ASSOCIATED WITH AN IMPROVEMENT IN PROCESS RELIABILITY,SOFTWARE PROCESS,0.85,8
C914,deepseek,deepseek-chat,L1,2,CI IS RELATED TO POSITIVE IMPACTS ON PULL REQUESTS LIFE-CYCLE,INTEGRATION PATTERNS,0.85,4
C915,deepseek,deepseek-chat,L1,2,CI IS ASSOCIATED WITH BUILD HEALTH,BUILD PATTERNS,0.95,2
C916,deepseek,deepseek-chat,L1,2,CI IS ASSOCIATED WITH BUILD HEALTH,BUILD PATTERNS,0.85,2
C917,deepseek,deepseek-chat,L1,2,CI IS ASSOCIATED WITH DEFECTS REDUCTION,ISSUES AND DEFECTS,0.95,3
C918,deepseek,deepseek-chat,L1,2,CI IS ASSOCIATED WITH A DECREASE IN TIME TO LEAD DEFECTS,ISSUES AND DEFECTS,0.95,3
C919,deepseek,deepseek-chat,L1,2,CI IS ASSOCIATED WITH AN INCREASE IN COOPERATION,SOFTWARE PROCESS,0.85,8
C920,deepseek,deepseek-chat,L1,2,CI IS ASSOCIATED WITH AN INCREASE IN COOPERATION,SOFTWARE PROCESS,0.85,8
C921,deepseek,deepseek-chat,L1,2,CI IS ASSOCIATED WITH AN IMPROVEMENT IN PROCESS RELIABILITY,SOFTWARE PROCESS,0.85,8
C922,deepseek,deepseek-chat,L1,2,CI IS RELATED TO PRODUCTIVITY AND EFFICIENCY INCREASING,DEVELOPMENT ACTIVITIES,0.95,10
C923,deepseek,deepseek-chat,L1,2,CI IS RELATED TO POSITIVE IMPACTS ON TEST PRACTICE,QUALITY ASSURANCE,0.85,4
C924,deepseek,deepseek-chat,L1,2,CI IS RELATED TO POSITIVE IMPACTS ON TEST PRACTICE,QUALITY ASSURANCE,0.75,4
C925,deepseek,deepseek-chat,L1,2,CI IS RELATED TO AN INCREASE QUALITY ASSESSMENT,QUALITY ASSURANCE,0.65,4
C926,deepseek,deepseek-chat,L1,2,CI IS RELATED TO POSITIVE IMPACTS ON RELEASE CYCLE,SOFTWARE PROCESS,0.85,8
C927,deepseek,deepseek-chat,L1,2,CI IS ASSOCIATED TO MULTI-ENVIRONMENT TESTS,QUALITY ASSURANCE,0.95,4
C928,deepseek,deepseek-chat,L1,2,CI IS ASSOCIATED WITH CONFIDENCE IMPROVEMENT,DEVELOPMENT ACTIVITIES,0.95,10
C930,deepseek,deepseek-chat,L1,2,CI IS ASSOCIATED WITH TECHNICAL CHALLENGES,SOFTWARE PROCESS,0.85,8
C931,deepseek,deepseek-chat,L1,2,CI MAY GENERATE A FALSE SENSE OF CONFIDENCE,DEVELOPMENT ACTIVITIES,1.0,10
C932,deepseek,deepseek-chat,L1,2,CI IS ASSOCIATED WITH HUMAN CHALLENGES,DEVELOPMENT ACTIVITIES,0.85,10
C933,deepseek,deepseek-chat,L1,2,CI IS ASSOCIATED WITH ADDING EXTRA COMPLEXITY,DEVELOPMENT ACTIVITIES,0.85,10
C934,deepseek,deepseek-chat,L1,2,CI IS ASSOCIATED WITH AN IMPROVEMENT IN PROCESS AUTOMATION,SOFTWARE PROCESS,0.95,8
C936,deepseek,deepseek-chat,L1,2,CI IS RELATED TO PRODUCTIVITY AND EFFICIENCY INCREASING,DEVELOPMENT ACTIVITIES,0.95,10
C937,deepseek,deepseek-chat,L1,2,CI IS ASSOCIATED WITH A DECREASE IN TIME TO LEAD DEFECTS,ISSUES AND DEFECTS,0.85,3
C938,deepseek,deepseek-chat,L1,2,CI IS RELATED TO POSITIVE IMPACTS ON RELEASE CYCLE,SOFTWARE PROCESS,0.95,8
C939,deepseek,deepseek-chat,L1,2,CI IS RELATED TO AN INCREASE QUALITY ASSESSMENT,QUALITY ASSURANCE,0.75,4
C940,deepseek,deepseek-chat,L1,2,CI IS RELATED TO POSITIVE IMPACTS ON PULL REQUESTS LIFE-CYCLE,INTEGRATION PATTERNS,0.85,4
C941,deepseek,deepseek-chat,L1,2,CI IS RELATED TO PRODUCTIVITY AND EFFICIENCY INCREASING,DEVELOPMENT ACTIVITIES,0.95,10
C943,deepseek,deepseek-chat,L1,2,CI IS ASSOCIATED WITH DEFECTS REDUCTION,ISSUES AND DEFECTS,0.85,3
C944,deepseek,deepseek-chat,L1,2,CI IS RELATED TO POSITIVE IMPACTS ON PULL REQUESTS LIFE-CYCLE,INTEGRATION PATTERNS,0.85,4
C945,deepseek,deepseek-chat,L1,2,CI IS RELATED TO NEGATIVE IMPACTS ON PULL REQUESTS LIFE-CYCLE,INTEGRATION PATTERNS,0.85,4
C946,deepseek,deepseek-chat,L1,2,CI IS RELATED TO NEGATIVE IMPACTS ON PULL REQUESTS LIFE-CYCLE,INTEGRATION PATTERNS,0.95,4
C947,deepseek,deepseek-chat,L1,2,CI IS RELATED TO POSITIVE IMPACTS ON PULL REQUESTS LIFE-CYCLE,INTEGRATION PATTERNS,0.85,4
C948,deepseek,deepseek-chat,L1,2,CI IS RELATED TO POSITIVE IMPACTS ON PULL REQUESTS LIFE-CYCLE,INTEGRATION PATTERNS,0.85,4
C949,deepseek,deepseek-chat,L1,2,CI IS ASSOCIATED WITH AN INCREASE IN COOPERATION,SOFTWARE PROCESS,0.85,8
C950,deepseek,deepseek-chat,L1,2,CI IS ASSOCIATED WITH A COMMIT PATTERN CHANGE,INTEGRATION PATTERNS,0.85,4
C951,deepseek,deepseek-chat,L1,2,CI IS ASSOCIATED WITH A COMMIT PATTERN CHANGE,INTEGRATION PATTERNS,0.85,4
C952,deepseek,deepseek-chat,L1,2,CI IS RELATED TO NEGATIVE IMPACTS ON PULL REQUESTS LIFE-CYCLE,INTEGRATION PATTERNS,0.85,4
C953,deepseek,deepseek-chat,L1,2,CI IS ASSOCIATED WITH ISSUES REDUCTION,ISSUES AND DEFECTS,0.85,3
C954,deepseek,deepseek-chat,L1,2,CI IS RELATED TO POSITIVE IMPACTS ON TEST PRACTICE,QUALITY ASSURANCE,0.85,4
C955,deepseek,deepseek-chat,L1,2,CI IS ASSOCIATED WITH A DECREASE IN MAGNETISM AND RETENTION,DEVELOPMENT ACTIVITIES,1.0,10
C956,deepseek,deepseek-chat,L1,2,CI IS ASSOCIATED WITH A DECREASED PERCEPTION OF PRODUCTIVITY,DEVELOPMENT ACTIVITIES,0.95,10
C957,deepseek,deepseek-chat,L1,2,CI IS ASSOCIATED WITH HUMAN CHALLENGES,DEVELOPMENT ACTIVITIES,0.45,10
C958,deepseek,deepseek-chat,L1,2,CI IS ASSOCIATED WITH SOFTWARE DEVELOPMENT BENEFITS,SOFTWARE PROCESS,0.45,8
C959,deepseek,deepseek-chat,L1,2,CI IS RELATED TO POSITIVE IMPACTS ON TEST PRACTICE,QUALITY ASSURANCE,0.85,4
C960,deepseek,deepseek-chat,L1,2,CI IS RELATED TO PRODUCTIVITY AND EFFICIENCY INCREASING,DEVELOPMENT ACTIVITIES,0.3,10
C961,deepseek,deepseek-chat,L1,2,CI IS ASSOCIATED WITH DEFECTS REDUCTION,ISSUES AND DEFECTS,0.85,3
C962,deepseek,deepseek-chat,L1,2,CI IS ASSOCIATED WITH CONFIDENCE IMPROVEMENT,DEVELOPMENT ACTIVITIES,0.85,10
C964,deepseek,deepseek-chat,L1,2,CI IS RELATED TO POSITIVE IMPACTS ON RELEASE CYCLE,SOFTWARE PROCESS,0.95,8
C965,deepseek,deepseek-chat,L1,2,CI IS RELATED TO POSITIVE IMPACTS ON RELEASE CYCLE,SOFTWARE PROCESS,0.85,8
C966,deepseek,deepseek-chat,L1,2,CI IS ASSOCIATED WITH A POSITIVE IMPACT ON INTEGRATION PRACTICE,INTEGRATION PATTERNS,0.85,4
C967,deepseek,deepseek-chat,L1,2,CI IS ASSOCIATED WITH SOFTWARE DEVELOPMENT BENEFITS,SOFTWARE PROCESS,0.45,8
C968,deepseek,deepseek-chat,L1,2,CI IS ASSOCIATED TO MULTI-ENVIRONMENT TESTS,QUALITY ASSURANCE,0.85,4
C969,deepseek,deepseek-chat,L1,2,CI IS RELATED TO POSITIVE IMPACTS ON TEST PRACTICE,QUALITY ASSURANCE,0.85,4
C970,deepseek,deepseek-chat,L1,2,CI IS RELATED TO POSITIVE IMPACTS ON TEST PRACTICE,QUALITY ASSURANCE,0.85,4
C971,deepseek,deepseek-chat,L1,2,CI IS RELATED TO AN INCREASE QUALITY ASSESSMENT,QUALITY ASSURANCE,0.85,4
C972,deepseek,deepseek-chat,L1,2,CI IS RELATED TO PRODUCTIVITY AND EFFICIENCY INCREASING,DEVELOPMENT ACTIVITIES,0.85,10
C973,deepseek,deepseek-chat,L1,2,CI IS ASSOCIATED WITH ORGANIZATIONAL CHALLENGES,DEVELOPMENT ACTIVITIES,0.45,10
C974,deepseek,deepseek-chat,L1,2,CI IS ASSOCIATED WITH DEFECTS REDUCTION,ISSUES AND DEFECTS,0.85,3
C975,deepseek,deepseek-chat,L1,2,CI IS ASSOCIATED WITH CONFIDENCE IMPROVEMENT,DEVELOPMENT ACTIVITIES,0.85,10
C976,deepseek,deepseek-chat,L1,2,CI IS RELATED TO POSITIVE IMPACTS ON RELEASE CYCLE,SOFTWARE PROCESS,0.95,8
C977,deepseek,deepseek-chat,L1,2,CI IS RELATED TO POSITIVE IMPACTS ON PULL REQUESTS LIFE-CYCLE,INTEGRATION PATTERNS,0.95,4
C978,deepseek,deepseek-chat,L1,2,CI IS ASSOCIATED TO MULTI-ENVIRONMENT TESTS,QUALITY ASSURANCE,0.85,4
C979,deepseek,deepseek-chat,L1,2,CI IS RELATED TO POSITIVE IMPACTS ON RELEASE CYCLE,SOFTWARE PROCESS,0.85,8
C980,deepseek,deepseek-chat,L1,2,CI IS ASSOCIATED WITH A POSITIVE IMPACT ON INTEGRATION PRACTICE,INTEGRATION PATTERNS,0.95,4
C981,deepseek,deepseek-chat,L1,2,CI IS ASSOCIATED TO MULTI-ENVIRONMENT TESTS,QUALITY ASSURANCE,0.85,4
C982,deepseek,deepseek-chat,L1,2,CI IS RELATED TO PRODUCTIVITY AND EFFICIENCY INCREASING,DEVELOPMENT ACTIVITIES,0.75,10
C983,deepseek,deepseek-chat,L1,2,CI IS RELATED TO POSITIVE IMPACTS ON PULL REQUESTS LIFE-CYCLE,INTEGRATION PATTERNS,0.85,4
C984,deepseek,deepseek-chat,L1,2,CI IS RELATED TO POSITIVE IMPACTS ON RELEASE CYCLE,SOFTWARE PROCESS,0.85,8
C985,deepseek,deepseek-chat,L1,2,CI IS ASSOCIATED WITH BUILD HEALTH,BUILD PATTERNS,0.85,2
C986,deepseek,deepseek-chat,L1,2,CI IS ASSOCIATED WITH A DECREASING IN BUILD TIME,BUILD PATTERNS,1.0,2
C987,deepseek,deepseek-chat,L1,2,CI IS ASSOCIATED WITH A POSITIVE IMPACT ON INTEGRATION PRACTICE,INTEGRATION PATTERNS,0.85,4
C988,deepseek,deepseek-chat,L1,2,CI IS RELATED TO POSITIVE IMPACTS ON TEST PRACTICE,QUALITY ASSURANCE,0.85,4
C990,deepseek,deepseek-chat,L1,2,CI IS RELATED TO POSITIVE IMPACTS ON PULL REQUESTS LIFE-CYCLE,INTEGRATION PATTERNS,0.45,4
C992,deepseek,deepseek-chat,L1,2,CI IS RELATED TO PRODUCTIVITY AND EFFICIENCY INCREASING,DEVELOPMENT ACTIVITIES,0.85,10
C993,deepseek,deepseek-chat,L1,2,CI IS RELATED TO AN INCREASE QUALITY ASSESSMENT,QUALITY ASSURANCE,0.45,4
C994,deepseek,deepseek-chat,L1,2,CI IS ASSOCIATED WITH DEFECTS REDUCTION,ISSUES AND DEFECTS,0.75,3
C995,deepseek,deepseek-chat,L1,2,CI IS RELATED TO POSITIVE IMPACTS ON TEST PRACTICE,QUALITY ASSURANCE,0.85,4
C996,deepseek,deepseek-chat,L1,2,CI IS ASSOCIATED TO MULTI-ENVIRONMENT TESTS,QUALITY ASSURANCE,0.95,4
C998,deepseek,deepseek-chat,L1,2,CI IS ASSOCIATED WITH AN INCREASE IN COOPERATION,SOFTWARE PROCESS,0.85,8
C999,deepseek,deepseek-chat,L1,2,CI IS ASSOCIATED WITH AN IMPROVEMENT IN PROCESS AUTOMATION,SOFTWARE PROCESS,0.85,8
C1000,deepseek,deepseek-chat,L1,2,CI IS ASSOCIATED WITH CONFIDENCE IMPROVEMENT,DEVELOPMENT ACTIVITIES,0.95,10
C1001,deepseek,deepseek-chat,L1,2,CI MAY GENERATE A FALSE SENSE OF CONFIDENCE,DEVELOPMENT ACTIVITIES,1.0,10
C1002,deepseek,deepseek-chat,L1,2,CI IS ASSOCIATED WITH ADDING EXTRA COMPLEXITY,DEVELOPMENT ACTIVITIES,0.85,10
C1003,deepseek,deepseek-chat,L1,2,CI IS ASSOCIATED WITH ADDING EXTRA COMPLEXITY,DEVELOPMENT ACTIVITIES,0.45,10
C1004,deepseek,deepseek-chat,L1,2,CI IS ASSOCIATED WITH HUMAN CHALLENGES,DEVELOPMENT ACTIVITIES,0.85,10
C1005,deepseek,deepseek-chat,L1,2,CI IS ASSOCIATED WITH DEFECTS REDUCTION,ISSUES AND DEFECTS,0.85,3
C1007,deepseek,deepseek-chat,L1,2,CI IS ASSOCIATED WITH AN INCREASE IN COOPERATION,SOFTWARE PROCESS,0.85,8
C1008,deepseek,deepseek-chat,L1,2,CI IS ASSOCIATED WITH ISSUES REDUCTION,ISSUES AND DEFECTS,0.85,3
C1010,deepseek,deepseek-chat,L1,2,CI IS ASSOCIATED WITH SOFTWARE DEVELOPMENT BENEFITS,SOFTWARE PROCESS,0.75,8
C1012,deepseek,deepseek-chat,L1,2,CI IS ASSOCIATED WITH SOFTWARE DEVELOPMENT BENEFITS,SOFTWARE PROCESS,0.45,8
C1013,deepseek,deepseek-chat,L1,2,CI IS RELATED TO AN INCREASE QUALITY ASSESSMENT,QUALITY ASSURANCE,0.85,4
C1014,deepseek,deepseek-chat,L1,2,CI IS ASSOCIATED WITH A WORKLOAD REDUCTION,DEVELOPMENT ACTIVITIES,0.95,10
C1015,deepseek,deepseek-chat,L1,2,CI IS ASSOCIATED WITH AN IMPROVEMENT IN PROCESS AUTOMATION,SOFTWARE PROCESS,0.85,8
C891,deepseek,deepseek-chat,L1,3,CI IS ASSOCIATED WITH TECHNICAL CHALLENGES,SOFTWARE PROCESS,0.45,8
C892,deepseek,deepseek-chat,L1,3,CI IS ASSOCIATED WITH A COMMIT PATTERN CHANGE,INTEGRATION PATTERNS,0.85,4
C893,deepseek,deepseek-chat,L1,3,CI IS ASSOCIATED WITH A COMMIT PATTERN CHANGE,INTEGRATION PATTERNS,0.85,4
C894,deepseek,deepseek-chat,L1,3,CI IS ASSOCIATED WITH AN IMPROVEMENT IN SATISFACTION,DEVELOPMENT ACTIVITIES,0.95,10
C895,deepseek,deepseek-chat,L1,3,CI IS RELATED TO POSITIVE IMPACTS ON TEST PRACTICE,QUALITY ASSURANCE,0.85,4
C896,deepseek,deepseek-chat,L1,3,CI IS ASSOCIATED WITH TECHNICAL CHALLENGES,SOFTWARE PROCESS,0.85,8
C897,deepseek,deepseek-chat,L1,3,CI IS ASSOCIATED WITH A WORKLOAD REDUCTION,DEVELOPMENT ACTIVITIES,0.85,10
C898,deepseek,deepseek-chat,L1,3,CI IS ASSOCIATED WITH ADDING EXTRA COMPLEXITY,DEVELOPMENT ACTIVITIES,0.95,10
C899,deepseek,deepseek-chat,L1,3,CI IS ASSOCIATED WITH AN INCREASE IN COOPERATION,SOFTWARE PROCESS,0.95,8
C901,deepseek,deepseek-chat,L1,3,CI IS ASSOCIATED WITH DEFECTS REDUCTION,ISSUES AND DEFECTS,0.85,3
C903,deepseek,deepseek-chat,L1,3,CI IS ASSOCIATED WITH BUILD HEALTH,BUILD PATTERNS,0.85,2
C904,deepseek,deepseek-chat,L1,3,CI IS RELATED TO PRODUCTIVITY AND EFFICIENCY INCREASING,DEVELOPMENT ACTIVITIES,0.85,10
C905,deepseek,deepseek-chat,L1,3,CI IS ASSOCIATED WITH TECHNICAL CHALLENGES,SOFTWARE PROCESS,0.85,8
C906,deepseek,deepseek-chat,L1,3,CI IS RELATED TO PRODUCTIVITY AND EFFICIENCY INCREASING,DEVELOPMENT ACTIVITIES,0.95,10
C907,deepseek,deepseek-chat,L1,3,CI IS ASSOCIATED WITH CONFIDENCE IMPROVEMENT,DEVELOPMENT ACTIVITIES,0.95,10
C908,deepseek,deepseek-chat,L1,3,CI IS ASSOCIATED WITH SOFTWARE DEVELOPMENT BENEFITS,SOFTWARE PROCESS,0.85,8
C909,deepseek,deepseek-chat,L1,3,CI IS ASSOCIATED WITH TO FAVOR CONTINUOUS REFACTORING,QUALITY ASSURANCE,0.95,4
C910,deepseek,deepseek-chat,L1,3,CI IS RELATED TO AN INCREASE QUALITY ASSESSMENT,QUALITY ASSURANCE,0.85,4
C911,deepseek,deepseek-chat,L1,3,CI FACILITATES THE TRANSITION TO AGILE,SOFTWARE PROCESS,0.95,8
C912,deepseek,deepseek-chat,L1,3,CI IS ASSOCIATED WITH A FEED BACK FREQUENCY INCREASE,SOFTWARE PROCESS,0.95,8
C913,deepseek,deepseek-chat,L1,3,CI IS ASSOCIATED WITH AN IMPROVEMENT IN PROCESS RELIABILITY,SOFTWARE PROCESS,0.85,8
C914,deepseek,deepseek-chat,L1,3,CI IS RELATED TO POSITIVE IMPACTS ON PULL REQUESTS LIFE-CYCLE,INTEGRATION PATTERNS,0.85,4
C915,deepseek,deepseek-chat,L1,3,CI IS ASSOCIATED WITH BUILD HEALTH,BUILD PATTERNS,0.95,2
C916,deepseek,deepseek-chat,L1,3,CI IS ASSOCIATED WITH BUILD HEALTH,BUILD PATTERNS,0.85,2
C917,deepseek,deepseek-chat,L1,3,CI IS ASSOCIATED WITH DEFECTS REDUCTION,ISSUES AND DEFECTS,0.95,3
C918,deepseek,deepseek-chat,L1,3,CI IS ASSOCIATED WITH A DECREASE IN TIME TO LEAD DEFECTS,ISSUES AND DEFECTS,0.95,3
C919,deepseek,deepseek-chat,L1,3,CI IS ASSOCIATED WITH AN INCREASE IN COOPERATION,SOFTWARE PROCESS,0.85,8
C920,deepseek,deepseek-chat,L1,3,CI IS ASSOCIATED WITH AN INCREASE IN COOPERATION,SOFTWARE PROCESS,0.85,8
C921,deepseek,deepseek-chat,L1,3,CI IS ASSOCIATED WITH AN IMPROVEMENT IN PROCESS RELIABILITY,SOFTWARE PROCESS,0.85,8
C922,deepseek,deepseek-chat,L1,3,CI IS RELATED TO PRODUCTIVITY AND EFFICIENCY INCREASING,DEVELOPMENT ACTIVITIES,0.95,10
C923,deepseek,deepseek-chat,L1,3,CI IS RELATED TO POSITIVE IMPACTS ON TEST PRACTICE,QUALITY ASSURANCE,0.85,4
C924,deepseek,deepseek-chat,L1,3,CI IS RELATED TO POSITIVE IMPACTS ON TEST PRACTICE,QUALITY ASSURANCE,0.75,4
C925,deepseek,deepseek-chat,L1,3,CI IS RELATED TO AN INCREASE QUALITY ASSESSMENT,QUALITY ASSURANCE,0.65,4
C926,deepseek,deepseek-chat,L1,3,CI IS RELATED TO POSITIVE IMPACTS ON RELEASE CYCLE,SOFTWARE PROCESS,0.85,8
C927,deepseek,deepseek-chat,L1,3,CI IS ASSOCIATED TO MULTI-ENVIRONMENT TESTS,QUALITY ASSURANCE,0.95,4
C928,deepseek,deepseek-chat,L1,3,CI IS ASSOCIATED WITH CONFIDENCE IMPROVEMENT,DEVELOPMENT ACTIVITIES,0.95,10
C930,deepseek,deepseek-chat,L1,3,CI IS ASSOCIATED WITH TECHNICAL CHALLENGES,SOFTWARE PROCESS,0.85,8
C931,deepseek,deepseek-chat,L1,3,CI MAY GENERATE A FALSE SENSE OF CONFIDENCE,DEVELOPMENT ACTIVITIES,1.0,10
C932,deepseek,deepseek-chat,L1,3,CI IS ASSOCIATED WITH HUMAN CHALLENGES,DEVELOPMENT ACTIVITIES,0.85,10
C933,deepseek,deepseek-chat,L1,3,CI IS ASSOCIATED WITH ADDING EXTRA COMPLEXITY,DEVELOPMENT ACTIVITIES,0.85,10
C934,deepseek,deepseek-chat,L1,3,CI IS ASSOCIATED WITH AN IMPROVEMENT IN PROCESS AUTOMATION,SOFTWARE PROCESS,0.95,8
C936,deepseek,deepseek-chat,L1,3,CI IS RELATED TO PRODUCTIVITY AND EFFICIENCY INCREASING,DEVELOPMENT ACTIVITIES,0.95,10
C937,deepseek,deepseek-chat,L1,3,CI IS ASSOCIATED WITH A DECREASE IN TIME TO LEAD DEFECTS,ISSUES AND DEFECTS,0.85,3
C938,deepseek,deepseek-chat,L1,3,CI IS RELATED TO POSITIVE IMPACTS ON RELEASE CYCLE,SOFTWARE PROCESS,0.95,8
C939,deepseek,deepseek-chat,L1,3,CI IS RELATED TO AN INCREASE QUALITY ASSESSMENT,QUALITY ASSURANCE,0.75,4
C940,deepseek,deepseek-chat,L1,3,CI IS RELATED TO POSITIVE IMPACTS ON PULL REQUESTS LIFE-CYCLE,INTEGRATION PATTERNS,0.75,4
C941,deepseek,deepseek-chat,L1,3,CI IS RELATED TO PRODUCTIVITY AND EFFICIENCY INCREASING,DEVELOPMENT ACTIVITIES,0.95,10
C943,deepseek,deepseek-chat,L1,3,CI IS ASSOCIATED WITH DEFECTS REDUCTION,ISSUES AND DEFECTS,0.85,3
C944,deepseek,deepseek-chat,L1,3,CI IS RELATED TO POSITIVE IMPACTS ON PULL REQUESTS LIFE-CYCLE,INTEGRATION PATTERNS,0.85,4
C945,deepseek,deepseek-chat,L1,3,CI IS RELATED TO NEGATIVE IMPACTS ON PULL REQUESTS LIFE-CYCLE,INTEGRATION PATTERNS,0.85,4
C946,deepseek,deepseek-chat,L1,3,CI IS RELATED TO NEGATIVE IMPACTS ON PULL REQUESTS LIFE-CYCLE,INTEGRATION PATTERNS,0.95,4
C947,deepseek,deepseek-chat,L1,3,CI IS RELATED TO POSITIVE IMPACTS ON PULL REQUESTS LIFE-CYCLE,INTEGRATION PATTERNS,0.85,4
C948,deepseek,deepseek-chat,L1,3,CI IS RELATED TO POSITIVE IMPACTS ON PULL REQUESTS LIFE-CYCLE,INTEGRATION PATTERNS,0.85,4
C949,deepseek,deepseek-chat,L1,3,CI IS ASSOCIATED WITH AN INCREASE IN COOPERATION,SOFTWARE PROCESS,0.85,8
C950,deepseek,deepseek-chat,L1,3,CI IS ASSOCIATED WITH A COMMIT PATTERN CHANGE,INTEGRATION PATTERNS,0.85,4
C951,deepseek,deepseek-chat,L1,3,CI IS ASSOCIATED WITH A COMMIT PATTERN CHANGE,INTEGRATION PATTERNS,0.85,4
C952,deepseek,deepseek-chat,L1,3,CI IS RELATED TO NEGATIVE IMPACTS ON PULL REQUESTS LIFE-CYCLE,INTEGRATION PATTERNS,0.85,4
C953,deepseek,deepseek-chat,L1,3,CI IS ASSOCIATED WITH ISSUES REDUCTION,ISSUES AND DEFECTS,0.85,3
C954,deepseek,deepseek-chat,L1,3,CI IS RELATED TO POSITIVE IMPACTS ON TEST PRACTICE,QUALITY ASSURANCE,0.85,4
C955,deepseek,deepseek-chat,L1,3,CI IS ASSOCIATED WITH A DECREASE IN MAGNETISM AND RETENTION,DEVELOPMENT ACTIVITIES,1.0,10
C956,deepseek,deepseek-chat,L1,3,CI IS ASSOCIATED WITH A DECREASED PERCEPTION OF PRODUCTIVITY,DEVELOPMENT ACTIVITIES,0.95,10
C957,deepseek,deepseek-chat,L1,3,CI IS ASSOCIATED WITH HUMAN CHALLENGES,DEVELOPMENT ACTIVITIES,0.45,10
C958,deepseek,deepseek-chat,L1,3,CI IS ASSOCIATED WITH SOFTWARE DEVELOPMENT BENEFITS,SOFTWARE PROCESS,0.45,8
C959,deepseek,deepseek-chat,L1,3,CI IS RELATED TO POSITIVE IMPACTS ON TEST PRACTICE,QUALITY ASSURANCE,0.85,4
C960,deepseek,deepseek-chat,L1,3,CI IS RELATED TO PRODUCTIVITY AND EFFICIENCY INCREASING,DEVELOPMENT ACTIVITIES,0.3,10
C961,deepseek,deepseek-chat,L1,3,CI IS ASSOCIATED WITH DEFECTS REDUCTION,ISSUES AND DEFECTS,0.85,3
C962,deepseek,deepseek-chat,L1,3,CI IS ASSOCIATED WITH CONFIDENCE IMPROVEMENT,DEVELOPMENT ACTIVITIES,0.85,10
C964,deepseek,deepseek-chat,L1,3,CI IS RELATED TO POSITIVE IMPACTS ON RELEASE CYCLE,SOFTWARE PROCESS,0.95,8
C965,deepseek,deepseek-chat,L1,3,CI IS RELATED TO POSITIVE IMPACTS ON RELEASE CYCLE,SOFTWARE PROCESS,0.85,8
C966,deepseek,deepseek-chat,L1,3,CI IS ASSOCIATED WITH A POSITIVE IMPACT ON INTEGRATION PRACTICE,INTEGRATION PATTERNS,0.85,4
C967,deepseek,deepseek-chat,L1,3,CI IS ASSOCIATED WITH SOFTWARE DEVELOPMENT BENEFITS,SOFTWARE PROCESS,0.45,8
C968,deepseek,deepseek-chat,L1,3,CI IS ASSOCIATED TO MULTI-ENVIRONMENT TESTS,QUALITY ASSURANCE,0.85,4
C969,deepseek,deepseek-chat,L1,3,CI IS RELATED TO POSITIVE IMPACTS ON TEST PRACTICE,QUALITY ASSURANCE,0.85,4
C970,deepseek,deepseek-chat,L1,3,CI IS RELATED TO POSITIVE IMPACTS ON TEST PRACTICE,QUALITY ASSURANCE,0.85,4
C971,deepseek,deepseek-chat,L1,3,CI IS RELATED TO AN INCREASE QUALITY ASSESSMENT,QUALITY ASSURANCE,0.85,4
C972,deepseek,deepseek-chat,L1,3,CI IS RELATED TO PRODUCTIVITY AND EFFICIENCY INCREASING,DEVELOPMENT ACTIVITIES,0.85,10
C973,deepseek,deepseek-chat,L1,3,CI IS ASSOCIATED WITH ORGANIZATIONAL CHALLENGES,DEVELOPMENT ACTIVITIES,0.45,10
C974,deepseek,deepseek-chat,L1,3,CI IS ASSOCIATED WITH DEFECTS REDUCTION,ISSUES AND DEFECTS,0.85,3
C975,deepseek,deepseek-chat,L1,3,CI IS ASSOCIATED WITH CONFIDENCE IMPROVEMENT,DEVELOPMENT ACTIVITIES,0.85,10
C976,deepseek,deepseek-chat,L1,3,CI IS RELATED TO POSITIVE IMPACTS ON RELEASE CYCLE,SOFTWARE PROCESS,0.95,8
C977,deepseek,deepseek-chat,L1,3,CI IS RELATED TO POSITIVE IMPACTS ON PULL REQUESTS LIFE-CYCLE,INTEGRATION PATTERNS,0.95,4
C978,deepseek,deepseek-chat,L1,3,CI IS ASSOCIATED TO MULTI-ENVIRONMENT TESTS,QUALITY ASSURANCE,0.85,4
C979,deepseek,deepseek-chat,L1,3,CI IS RELATED TO POSITIVE IMPACTS ON RELEASE CYCLE,SOFTWARE PROCESS,0.85,8
C980,deepseek,deepseek-chat,L1,3,CI IS ASSOCIATED WITH A POSITIVE IMPACT ON INTEGRATION PRACTICE,INTEGRATION PATTERNS,0.85,4
C981,deepseek,deepseek-chat,L1,3,CI IS ASSOCIATED TO MULTI-ENVIRONMENT TESTS,QUALITY ASSURANCE,0.85,4
C982,deepseek,deepseek-chat,L1,3,CI IS RELATED TO PRODUCTIVITY AND EFFICIENCY INCREASING,DEVELOPMENT ACTIVITIES,0.75,10
C983,deepseek,deepseek-chat,L1,3,CI IS RELATED TO POSITIVE IMPACTS ON PULL REQUESTS LIFE-CYCLE,INTEGRATION PATTERNS,0.85,4
C984,deepseek,deepseek-chat,L1,3,CI IS RELATED TO POSITIVE IMPACTS ON RELEASE CYCLE,SOFTWARE PROCESS,0.85,8
C985,deepseek,deepseek-chat,L1,3,CI IS ASSOCIATED WITH BUILD HEALTH,BUILD PATTERNS,0.85,2
C986,deepseek,deepseek-chat,L1,3,CI IS ASSOCIATED WITH A DECREASING IN BUILD TIME,BUILD PATTERNS,1.0,2
C987,deepseek,deepseek-chat,L1,3,CI IS ASSOCIATED WITH A POSITIVE IMPACT ON INTEGRATION PRACTICE,INTEGRATION PATTERNS,0.85,4
C988,deepseek,deepseek-chat,L1,3,CI IS RELATED TO POSITIVE IMPACTS ON TEST PRACTICE,QUALITY ASSURANCE,0.85,4
C990,deepseek,deepseek-chat,L1,3,CI IS RELATED TO POSITIVE IMPACTS ON PULL REQUESTS LIFE-CYCLE,INTEGRATION PATTERNS,0.45,4
C992,deepseek,deepseek-chat,L1,3,CI IS RELATED TO PRODUCTIVITY AND EFFICIENCY INCREASING,DEVELOPMENT ACTIVITIES,0.85,10
C993,deepseek,deepseek-chat,L1,3,CI IS RELATED TO AN INCREASE QUALITY ASSESSMENT,QUALITY ASSURANCE,0.6,4
C994,deepseek,deepseek-chat,L1,3,CI IS ASSOCIATED WITH DEFECTS REDUCTION,ISSUES AND DEFECTS,0.75,3
C995,deepseek,deepseek-chat,L1,3,CI IS RELATED TO POSITIVE IMPACTS ON TEST PRACTICE,QUALITY ASSURANCE,0.85,4
C996,deepseek,deepseek-chat,L1,3,CI IS ASSOCIATED TO MULTI-ENVIRONMENT TESTS,QUALITY ASSURANCE,0.95,4
C998,deepseek,deepseek-chat,L1,3,CI IS ASSOCIATED WITH AN INCREASE IN COOPERATION,SOFTWARE PROCESS,0.85,8
C999,deepseek,deepseek-chat,L1,3,CI IS ASSOCIATED WITH AN IMPROVEMENT IN PROCESS AUTOMATION,SOFTWARE PROCESS,0.85,8
C1000,deepseek,deepseek-chat,L1,3,CI IS ASSOCIATED WITH CONFIDENCE IMPROVEMENT,DEVELOPMENT ACTIVITIES,0.95,10
C1001,deepseek,deepseek-chat,L1,3,CI MAY GENERATE A FALSE SENSE OF CONFIDENCE,DEVELOPMENT ACTIVITIES,1.0,10
C1002,deepseek,deepseek-chat,L1,3,CI IS ASSOCIATED WITH ADDING EXTRA COMPLEXITY,DEVELOPMENT ACTIVITIES,0.85,10
C1003,deepseek,deepseek-chat,L1,3,CI IS ASSOCIATED WITH ADDING EXTRA COMPLEXITY,DEVELOPMENT ACTIVITIES,0.45,10
C1004,deepseek,deepseek-chat,L1,3,CI IS ASSOCIATED WITH HUMAN CHALLENGES,DEVELOPMENT ACTIVITIES,0.85,10
C1005,deepseek,deepseek-chat,L1,3,CI IS ASSOCIATED WITH DEFECTS REDUCTION,ISSUES AND DEFECTS,0.85,3
C1007,deepseek,deepseek-chat,L1,3,CI IS ASSOCIATED WITH AN INCREASE IN COOPERATION,SOFTWARE PROCESS,0.85,8
C1008,deepseek,deepseek-chat,L1,3,CI IS ASSOCIATED WITH ISSUES REDUCTION,ISSUES AND DEFECTS,0.75,3
C1010,deepseek,deepseek-chat,L1,3,CI IS ASSOCIATED WITH SOFTWARE DEVELOPMENT BENEFITS,SOFTWARE PROCESS,0.75,8
C1012,deepseek,deepseek-chat,L1,3,CI IS ASSOCIATED WITH SOFTWARE DEVELOPMENT BENEFITS,SOFTWARE PROCESS,0.45,8
C1013,deepseek,deepseek-chat,L1,3,CI IS RELATED TO AN INCREASE QUALITY ASSESSMENT,QUALITY ASSURANCE,0.85,4
C1014,deepseek,deepseek-chat,L1,3,CI IS ASSOCIATED WITH A WORKLOAD REDUCTION,DEVELOPMENT ACTIVITIES,0.95,10
C1015,deepseek,deepseek-chat,L1,3,CI IS ASSOCIATED WITH AN IMPROVEMENT IN PROCESS AUTOMATION,SOFTWARE PROCESS,0.85,8
C891,deepseek,deepseek-chat,L1,4,CI IS ASSOCIATED WITH TECHNICAL CHALLENGES,SOFTWARE PROCESS,0.45,8
C892,deepseek,deepseek-chat,L1,4,CI IS ASSOCIATED WITH A COMMIT PATTERN CHANGE,INTEGRATION PATTERNS,0.85,4
C893,deepseek,deepseek-chat,L1,4,CI IS ASSOCIATED WITH A COMMIT PATTERN CHANGE,INTEGRATION PATTERNS,0.85,4
C894,deepseek,deepseek-chat,L1,4,CI IS ASSOCIATED WITH AN IMPROVEMENT IN SATISFACTION,DEVELOPMENT ACTIVITIES,0.95,10
C895,deepseek,deepseek-chat,L1,4,CI IS RELATED TO POSITIVE IMPACTS ON TEST PRACTICE,QUALITY ASSURANCE,0.85,4
C896,deepseek,deepseek-chat,L1,4,CI IS ASSOCIATED WITH TECHNICAL CHALLENGES,SOFTWARE PROCESS,0.85,8
C897,deepseek,deepseek-chat,L1,4,CI IS ASSOCIATED WITH A WORKLOAD REDUCTION,DEVELOPMENT ACTIVITIES,0.85,10
C898,deepseek,deepseek-chat,L1,4,CI IS ASSOCIATED WITH ADDING EXTRA COMPLEXITY,DEVELOPMENT ACTIVITIES,0.95,10
C899,deepseek,deepseek-chat,L1,4,CI IS ASSOCIATED WITH AN INCREASE IN COOPERATION,SOFTWARE PROCESS,0.95,8
C901,deepseek,deepseek-chat,L1,4,CI IS ASSOCIATED WITH DEFECTS REDUCTION,ISSUES AND DEFECTS,0.85,3
C903,deepseek,deepseek-chat,L1,4,CI IS ASSOCIATED WITH BUILD HEALTH,BUILD PATTERNS,0.85,2
C904,deepseek,deepseek-chat,L1,4,CI IS RELATED TO PRODUCTIVITY AND EFFICIENCY INCREASING,DEVELOPMENT ACTIVITIES,0.85,10
C905,deepseek,deepseek-chat,L1,4,CI IS ASSOCIATED WITH TECHNICAL CHALLENGES,SOFTWARE PROCESS,0.85,8
C906,deepseek,deepseek-chat,L1,4,CI IS RELATED TO PRODUCTIVITY AND EFFICIENCY INCREASING,DEVELOPMENT ACTIVITIES,0.95,10
C907,deepseek,deepseek-chat,L1,4,CI IS ASSOCIATED WITH CONFIDENCE IMPROVEMENT,DEVELOPMENT ACTIVITIES,0.95,10
C908,deepseek,deepseek-chat,L1,4,CI IS ASSOCIATED WITH SOFTWARE DEVELOPMENT BENEFITS,SOFTWARE PROCESS,0.85,8
C909,deepseek,deepseek-chat,L1,4,CI IS ASSOCIATED WITH TO FAVOR CONTINUOUS REFACTORING,QUALITY ASSURANCE,0.95,4
C910,deepseek,deepseek-chat,L1,4,CI IS RELATED TO AN INCREASE QUALITY ASSESSMENT,QUALITY ASSURANCE,0.85,4
C911,deepseek,deepseek-chat,L1,4,CI FACILITATES THE TRANSITION TO AGILE,SOFTWARE PROCESS,0.95,8
C912,deepseek,deepseek-chat,L1,4,CI IS ASSOCIATED WITH A FEED BACK FREQUENCY INCREASE,SOFTWARE PROCESS,0.95,8
C913,deepseek,deepseek-chat,L1,4,CI IS ASSOCIATED WITH AN IMPROVEMENT IN PROCESS RELIABILITY,SOFTWARE PROCESS,0.85,8
C914,deepseek,deepseek-chat,L1,4,CI IS RELATED TO POSITIVE IMPACTS ON PULL REQUESTS LIFE-CYCLE,INTEGRATION PATTERNS,0.85,4
C915,deepseek,deepseek-chat,L1,4,CI IS ASSOCIATED WITH BUILD HEALTH,BUILD PATTERNS,0.95,2
C916,deepseek,deepseek-chat,L1,4,CI IS ASSOCIATED WITH BUILD HEALTH,BUILD PATTERNS,0.85,2
C917,deepseek,deepseek-chat,L1,4,CI IS ASSOCIATED WITH DEFECTS REDUCTION,ISSUES AND DEFECTS,0.95,3
C918,deepseek,deepseek-chat,L1,4,CI IS ASSOCIATED WITH A DECREASE IN TIME TO LEAD DEFECTS,ISSUES AND DEFECTS,0.95,3
C919,deepseek,deepseek-chat,L1,4,CI IS ASSOCIATED WITH AN INCREASE IN COOPERATION,SOFTWARE PROCESS,0.85,8
C920,deepseek,deepseek-chat,L1,4,CI IS ASSOCIATED WITH AN INCREASE IN COOPERATION,SOFTWARE PROCESS,0.85,8
C921,deepseek,deepseek-chat,L1,4,CI IS ASSOCIATED WITH AN IMPROVEMENT IN PROCESS RELIABILITY,SOFTWARE PROCESS,0.85,8
C922,deepseek,deepseek-chat,L1,4,CI IS RELATED TO PRODUCTIVITY AND EFFICIENCY INCREASING,DEVELOPMENT ACTIVITIES,0.85,10
C923,deepseek,deepseek-chat,L1,4,CI IS RELATED TO POSITIVE IMPACTS ON TEST PRACTICE,QUALITY ASSURANCE,0.85,4
C924,deepseek,deepseek-chat,L1,4,CI IS RELATED TO POSITIVE IMPACTS ON TEST PRACTICE,QUALITY ASSURANCE,0.85,4
C925,deepseek,deepseek-chat,L1,4,CI IS RELATED TO AN INCREASE QUALITY ASSESSMENT,QUALITY ASSURANCE,0.65,4
C926,deepseek,deepseek-chat,L1,4,CI IS RELATED TO POSITIVE IMPACTS ON RELEASE CYCLE,SOFTWARE PROCESS,0.85,8
C927,deepseek,deepseek-chat,L1,4,CI IS ASSOCIATED TO MULTI-ENVIRONMENT TESTS,QUALITY ASSURANCE,0.95,4
C928,deepseek,deepseek-chat,L1,4,CI IS ASSOCIATED WITH CONFIDENCE IMPROVEMENT,DEVELOPMENT ACTIVITIES,0.95,10
C930,deepseek,deepseek-chat,L1,4,CI IS ASSOCIATED WITH TECHNICAL CHALLENGES,SOFTWARE PROCESS,0.85,8
C931,deepseek,deepseek-chat,L1,4,CI MAY GENERATE A FALSE SENSE OF CONFIDENCE,DEVELOPMENT ACTIVITIES,1.0,10
C932,deepseek,deepseek-chat,L1,4,CI IS ASSOCIATED WITH HUMAN CHALLENGES,DEVELOPMENT ACTIVITIES,0.85,10
C933,deepseek,deepseek-chat,L1,4,CI IS ASSOCIATED WITH ADDING EXTRA COMPLEXITY,DEVELOPMENT ACTIVITIES,0.85,10
C934,deepseek,deepseek-chat,L1,4,CI IS ASSOCIATED WITH AN IMPROVEMENT IN PROCESS AUTOMATION,SOFTWARE PROCESS,0.95,8
C936,deepseek,deepseek-chat,L1,4,CI IS RELATED TO PRODUCTIVITY AND EFFICIENCY INCREASING,DEVELOPMENT ACTIVITIES,0.95,10
C937,deepseek,deepseek-chat,L1,4,CI IS ASSOCIATED WITH A DECREASE IN TIME TO LEAD DEFECTS,ISSUES AND DEFECTS,0.85,3
C938,deepseek,deepseek-chat,L1,4,CI IS RELATED TO POSITIVE IMPACTS ON RELEASE CYCLE,SOFTWARE PROCESS,0.95,8
C939,deepseek,deepseek-chat,L1,4,CI IS RELATED TO AN INCREASE QUALITY ASSESSMENT,QUALITY ASSURANCE,0.75,4
C940,deepseek,deepseek-chat,L1,4,CI IS RELATED TO POSITIVE IMPACTS ON PULL REQUESTS LIFE-CYCLE,INTEGRATION PATTERNS,0.85,4
C941,deepseek,deepseek-chat,L1,4,CI IS RELATED TO PRODUCTIVITY AND EFFICIENCY INCREASING,DEVELOPMENT ACTIVITIES,0.95,10
C943,deepseek,deepseek-chat,L1,4,CI IS ASSOCIATED WITH DEFECTS REDUCTION,ISSUES AND DEFECTS,0.85,3
C944,deepseek,deepseek-chat,L1,4,CI IS RELATED TO POSITIVE IMPACTS ON PULL REQUESTS LIFE-CYCLE,INTEGRATION PATTERNS,0.85,4
C945,deepseek,deepseek-chat,L1,4,CI IS RELATED TO NEGATIVE IMPACTS ON PULL REQUESTS LIFE-CYCLE,INTEGRATION PATTERNS,0.85,4
C946,deepseek,deepseek-chat,L1,4,CI IS RELATED TO NEGATIVE IMPACTS ON PULL REQUESTS LIFE-CYCLE,INTEGRATION PATTERNS,0.95,4
C947,deepseek,deepseek-chat,L1,4,CI IS RELATED TO POSITIVE IMPACTS ON PULL REQUESTS LIFE-CYCLE,INTEGRATION PATTERNS,0.85,4
C948,deepseek,deepseek-chat,L1,4,CI IS RELATED TO POSITIVE IMPACTS ON PULL REQUESTS LIFE-CYCLE,INTEGRATION PATTERNS,0.85,4
C949,deepseek,deepseek-chat,L1,4,CI IS ASSOCIATED WITH AN INCREASE IN COOPERATION,SOFTWARE PROCESS,0.85,8
C950,deepseek,deepseek-chat,L1,4,CI IS ASSOCIATED WITH A COMMIT PATTERN CHANGE,INTEGRATION PATTERNS,0.85,4
C951,deepseek,deepseek-chat,L1,4,CI IS ASSOCIATED WITH A COMMIT PATTERN CHANGE,INTEGRATION PATTERNS,0.85,4
C952,deepseek,deepseek-chat,L1,4,CI IS RELATED TO NEGATIVE IMPACTS ON PULL REQUESTS LIFE-CYCLE,INTEGRATION PATTERNS,0.85,4
C953,deepseek,deepseek-chat,L1,4,CI IS ASSOCIATED WITH ISSUES REDUCTION,ISSUES AND DEFECTS,0.85,3
C954,deepseek,deepseek-chat,L1,4,CI IS RELATED TO POSITIVE IMPACTS ON TEST PRACTICE,QUALITY ASSURANCE,0.85,4
C955,deepseek,deepseek-chat,L1,4,CI IS ASSOCIATED WITH A DECREASE IN MAGNETISM AND RETENTION,DEVELOPMENT ACTIVITIES,1.0,10
C956,deepseek,deepseek-chat,L1,4,CI IS ASSOCIATED WITH A DECREASED PERCEPTION OF PRODUCTIVITY,DEVELOPMENT ACTIVITIES,0.95,10
C957,deepseek,deepseek-chat,L1,4,CI IS ASSOCIATED WITH HUMAN CHALLENGES,DEVELOPMENT ACTIVITIES,0.45,10
C958,deepseek,deepseek-chat,L1,4,CI IS ASSOCIATED WITH SOFTWARE DEVELOPMENT BENEFITS,SOFTWARE PROCESS,0.4,8
C959,deepseek,deepseek-chat,L1,4,CI IS RELATED TO POSITIVE IMPACTS ON TEST PRACTICE,QUALITY ASSURANCE,0.85,4
C960,deepseek,deepseek-chat,L1,4,CI IS RELATED TO PRODUCTIVITY AND EFFICIENCY INCREASING,DEVELOPMENT ACTIVITIES,0.3,10
C961,deepseek,deepseek-chat,L1,4,CI IS ASSOCIATED WITH DEFECTS REDUCTION,ISSUES AND DEFECTS,0.85,3
C962,deepseek,deepseek-chat,L1,4,CI IS ASSOCIATED WITH CONFIDENCE IMPROVEMENT,DEVELOPMENT ACTIVITIES,0.85,10
C964,deepseek,deepseek-chat,L1,4,CI IS RELATED TO POSITIVE IMPACTS ON RELEASE CYCLE,SOFTWARE PROCESS,0.85,8
C965,deepseek,deepseek-chat,L1,4,CI IS RELATED TO POSITIVE IMPACTS ON RELEASE CYCLE,SOFTWARE PROCESS,0.85,8
C966,deepseek,deepseek-chat,L1,4,CI IS ASSOCIATED WITH A POSITIVE IMPACT ON INTEGRATION PRACTICE,INTEGRATION PATTERNS,0.85,4
C967,deepseek,deepseek-chat,L1,4,CI IS ASSOCIATED WITH SOFTWARE DEVELOPMENT BENEFITS,SOFTWARE PROCESS,0.45,8
C968,deepseek,deepseek-chat,L1,4,CI IS ASSOCIATED TO MULTI-ENVIRONMENT TESTS,QUALITY ASSURANCE,0.85,4
C969,deepseek,deepseek-chat,L1,4,CI IS RELATED TO POSITIVE IMPACTS ON TEST PRACTICE,QUALITY ASSURANCE,0.85,4
C970,deepseek,deepseek-chat,L1,4,CI IS RELATED TO POSITIVE IMPACTS ON TEST PRACTICE,QUALITY ASSURANCE,0.85,4
C971,deepseek,deepseek-chat,L1,4,CI IS RELATED TO AN INCREASE QUALITY ASSESSMENT,QUALITY ASSURANCE,0.85,4
C972,deepseek,deepseek-chat,L1,4,CI IS RELATED TO PRODUCTIVITY AND EFFICIENCY INCREASING,DEVELOPMENT ACTIVITIES,0.85,10
C973,deepseek,deepseek-chat,L1,4,CI IS ASSOCIATED WITH ORGANIZATIONAL CHALLENGES,DEVELOPMENT ACTIVITIES,0.45,10
C974,deepseek,deepseek-chat,L1,4,CI IS ASSOCIATED WITH DEFECTS REDUCTION,ISSUES AND DEFECTS,0.85,3
C975,deepseek,deepseek-chat,L1,4,CI IS ASSOCIATED WITH CONFIDENCE IMPROVEMENT,DEVELOPMENT ACTIVITIES,0.85,10
C976,deepseek,deepseek-chat,L1,4,CI IS RELATED TO POSITIVE IMPACTS ON RELEASE CYCLE,SOFTWARE PROCESS,0.95,8
C977,deepseek,deepseek-chat,L1,4,CI IS RELATED TO POSITIVE IMPACTS ON PULL REQUESTS LIFE-CYCLE,INTEGRATION PATTERNS,0.95,4
C978,deepseek,deepseek-chat,L1,4,CI IS ASSOCIATED TO MULTI-ENVIRONMENT TESTS,QUALITY ASSURANCE,0.85,4
C979,deepseek,deepseek-chat,L1,4,CI IS RELATED TO POSITIVE IMPACTS ON RELEASE CYCLE,SOFTWARE PROCESS,0.85,8
C980,deepseek,deepseek-chat,L1,4,CI IS ASSOCIATED WITH A POSITIVE IMPACT ON INTEGRATION PRACTICE,INTEGRATION PATTERNS,0.95,4
C981,deepseek,deepseek-chat,L1,4,CI IS ASSOCIATED TO MULTI-ENVIRONMENT TESTS,QUALITY ASSURANCE,0.85,4
C982,deepseek,deepseek-chat,L1,4,CI IS RELATED TO PRODUCTIVITY AND EFFICIENCY INCREASING,DEVELOPMENT ACTIVITIES,0.75,10
C983,deepseek,deepseek-chat,L1,4,CI IS RELATED TO POSITIVE IMPACTS ON PULL REQUESTS LIFE-CYCLE,INTEGRATION PATTERNS,0.85,4
C984,deepseek,deepseek-chat,L1,4,CI IS RELATED TO POSITIVE IMPACTS ON RELEASE CYCLE,SOFTWARE PROCESS,0.85,8
C985,deepseek,deepseek-chat,L1,4,CI IS ASSOCIATED WITH BUILD HEALTH,BUILD PATTERNS,0.85,2
C986,deepseek,deepseek-chat,L1,4,CI IS ASSOCIATED WITH A DECREASING IN BUILD TIME,BUILD PATTERNS,1.0,2
C987,deepseek,deepseek-chat,L1,4,CI IS ASSOCIATED WITH A POSITIVE IMPACT ON INTEGRATION PRACTICE,INTEGRATION PATTERNS,0.85,4
C988,deepseek,deepseek-chat,L1,4,CI IS RELATED TO POSITIVE IMPACTS ON TEST PRACTICE,QUALITY ASSURANCE,0.85,4
C990,deepseek,deepseek-chat,L1,4,CI IS RELATED TO POSITIVE IMPACTS ON PULL REQUESTS LIFE-CYCLE,INTEGRATION PATTERNS,0.45,4
C992,deepseek,deepseek-chat,L1,4,CI IS RELATED TO PRODUCTIVITY AND EFFICIENCY INCREASING,DEVELOPMENT ACTIVITIES,0.85,10
C993,deepseek,deepseek-chat,L1,4,CI IS RELATED TO AN INCREASE QUALITY ASSESSMENT,QUALITY ASSURANCE,0.45,4
C994,deepseek,deepseek-chat,L1,4,CI IS ASSOCIATED WITH DEFECTS REDUCTION,ISSUES AND DEFECTS,0.75,3
C995,deepseek,deepseek-chat,L1,4,CI IS RELATED TO POSITIVE IMPACTS ON TEST PRACTICE,QUALITY ASSURANCE,0.85,4
C996,deepseek,deepseek-chat,L1,4,CI IS ASSOCIATED TO MULTI-ENVIRONMENT TESTS,QUALITY ASSURANCE,0.95,4
C998,deepseek,deepseek-chat,L1,4,CI IS ASSOCIATED WITH AN INCREASE IN COOPERATION,SOFTWARE PROCESS,0.85,8
C999,deepseek,deepseek-chat,L1,4,CI IS ASSOCIATED WITH AN IMPROVEMENT IN PROCESS AUTOMATION,SOFTWARE PROCESS,0.85,8
C1000,deepseek,deepseek-chat,L1,4,CI IS ASSOCIATED WITH CONFIDENCE IMPROVEMENT,DEVELOPMENT ACTIVITIES,0.95,10
C1001,deepseek,deepseek-chat,L1,4,CI MAY GENERATE A FALSE SENSE OF CONFIDENCE,DEVELOPMENT ACTIVITIES,1.0,10
C1002,deepseek,deepseek-chat,L1,4,CI IS ASSOCIATED WITH ADDING EXTRA COMPLEXITY,DEVELOPMENT ACTIVITIES,0.85,10
C1003,deepseek,deepseek-chat,L1,4,CI IS ASSOCIATED WITH ADDING EXTRA COMPLEXITY,DEVELOPMENT ACTIVITIES,0.45,10
C1004,deepseek,deepseek-chat,L1,4,CI IS ASSOCIATED WITH HUMAN CHALLENGES,DEVELOPMENT ACTIVITIES,0.85,10
C1005,deepseek,deepseek-chat,L1,4,CI IS ASSOCIATED WITH DEFECTS REDUCTION,ISSUES AND DEFECTS,0.85,3
C1007,deepseek,deepseek-chat,L1,4,CI IS ASSOCIATED WITH AN INCREASE IN COOPERATION,SOFTWARE PROCESS,0.85,8
C1008,deepseek,deepseek-chat,L1,4,CI IS ASSOCIATED WITH ISSUES REDUCTION,ISSUES AND DEFECTS,0.75,3
C1010,deepseek,deepseek-chat,L1,4,CI IS ASSOCIATED WITH SOFTWARE DEVELOPMENT BENEFITS,SOFTWARE PROCESS,0.75,8
C1012,deepseek,deepseek-chat,L1,4,CI IS ASSOCIATED WITH SOFTWARE DEVELOPMENT BENEFITS,SOFTWARE PROCESS,0.45,8
C1013,deepseek,deepseek-chat,L1,4,CI IS RELATED TO AN INCREASE QUALITY ASSESSMENT,QUALITY ASSURANCE,0.85,4
C1014,deepseek,deepseek-chat,L1,4,CI IS ASSOCIATED WITH A WORKLOAD REDUCTION,DEVELOPMENT ACTIVITIES,0.95,10
C1015,deepseek,deepseek-chat,L1,4,CI IS ASSOCIATED WITH AN IMPROVEMENT IN PROCESS AUTOMATION,SOFTWARE PROCESS,0.85,8
C891,deepseek,deepseek-chat,L1,5,CI IS ASSOCIATED WITH TECHNICAL CHALLENGES,SOFTWARE PROCESS,0.45,8
C892,deepseek,deepseek-chat,L1,5,CI IS ASSOCIATED WITH A COMMIT PATTERN CHANGE,INTEGRATION PATTERNS,0.85,4
C893,deepseek,deepseek-chat,L1,5,CI IS ASSOCIATED WITH A COMMIT PATTERN CHANGE,INTEGRATION PATTERNS,0.85,4
C894,deepseek,deepseek-chat,L1,5,CI IS ASSOCIATED WITH AN IMPROVEMENT IN SATISFACTION,DEVELOPMENT ACTIVITIES,0.95,10
C895,deepseek,deepseek-chat,L1,5,CI IS RELATED TO POSITIVE IMPACTS ON TEST PRACTICE,QUALITY ASSURANCE,0.85,4
C896,deepseek,deepseek-chat,L1,5,CI IS ASSOCIATED WITH TECHNICAL CHALLENGES,SOFTWARE PROCESS,0.85,8
C897,deepseek,deepseek-chat,L1,5,CI IS ASSOCIATED WITH A WORKLOAD REDUCTION,DEVELOPMENT ACTIVITIES,0.85,10
C898,deepseek,deepseek-chat,L1,5,CI IS ASSOCIATED WITH ADDING EXTRA COMPLEXITY,DEVELOPMENT ACTIVITIES,0.95,10
C899,deepseek,deepseek-chat,L1,5,CI IS ASSOCIATED WITH AN INCREASE IN COOPERATION,SOFTWARE PROCESS,0.95,8
C901,deepseek,deepseek-chat,L1,5,CI IS ASSOCIATED WITH DEFECTS REDUCTION,ISSUES AND DEFECTS,0.85,3
C903,deepseek,deepseek-chat,L1,5,CI IS ASSOCIATED WITH BUILD HEALTH,BUILD PATTERNS,0.85,2
C904,deepseek,deepseek-chat,L1,5,CI IS RELATED TO PRODUCTIVITY AND EFFICIENCY INCREASING,DEVELOPMENT ACTIVITIES,0.85,10
C905,deepseek,deepseek-chat,L1,5,CI IS ASSOCIATED WITH TECHNICAL CHALLENGES,SOFTWARE PROCESS,0.85,8
C906,deepseek,deepseek-chat,L1,5,CI IS RELATED TO PRODUCTIVITY AND EFFICIENCY INCREASING,DEVELOPMENT ACTIVITIES,0.95,10
C907,deepseek,deepseek-chat,L1,5,CI IS ASSOCIATED WITH CONFIDENCE IMPROVEMENT,DEVELOPMENT ACTIVITIES,0.95,10
C908,deepseek,deepseek-chat,L1,5,CI IS ASSOCIATED WITH SOFTWARE DEVELOPMENT BENEFITS,SOFTWARE PROCESS,0.85,8
C909,deepseek,deepseek-chat,L1,5,CI IS ASSOCIATED WITH TO FAVOR CONTINUOUS REFACTORING,QUALITY ASSURANCE,0.95,4
C910,deepseek,deepseek-chat,L1,5,CI IS RELATED TO AN INCREASE QUALITY ASSESSMENT,QUALITY ASSURANCE,0.85,4
C911,deepseek,deepseek-chat,L1,5,CI FACILITATES THE TRANSITION TO AGILE,SOFTWARE PROCESS,0.95,8
C912,deepseek,deepseek-chat,L1,5,CI IS ASSOCIATED WITH A FEED BACK FREQUENCY INCREASE,SOFTWARE PROCESS,0.95,8
C913,deepseek,deepseek-chat,L1,5,CI IS ASSOCIATED WITH AN IMPROVEMENT IN PROCESS RELIABILITY,SOFTWARE PROCESS,0.85,8
C914,deepseek,deepseek-chat,L1,5,CI IS RELATED TO POSITIVE IMPACTS ON PULL REQUESTS LIFE-CYCLE,INTEGRATION PATTERNS,0.85,4
C915,deepseek,deepseek-chat,L1,5,CI IS ASSOCIATED WITH BUILD HEALTH,BUILD PATTERNS,0.95,2
C916,deepseek,deepseek-chat,L1,5,CI IS ASSOCIATED WITH BUILD HEALTH,BUILD PATTERNS,0.85,2
C917,deepseek,deepseek-chat,L1,5,CI IS ASSOCIATED WITH DEFECTS REDUCTION,ISSUES AND DEFECTS,0.95,3
C918,deepseek,deepseek-chat,L1,5,CI IS ASSOCIATED WITH A DECREASE IN TIME TO LEAD DEFECTS,ISSUES AND DEFECTS,0.95,3
C919,deepseek,deepseek-chat,L1,5,CI IS ASSOCIATED WITH AN INCREASE IN COOPERATION,SOFTWARE PROCESS,0.85,8
C920,deepseek,deepseek-chat,L1,5,CI IS ASSOCIATED WITH AN INCREASE IN COOPERATION,SOFTWARE PROCESS,0.85,8
C921,deepseek,deepseek-chat,L1,5,CI IS ASSOCIATED WITH AN IMPROVEMENT IN PROCESS RELIABILITY,SOFTWARE PROCESS,0.85,8
C922,deepseek,deepseek-chat,L1,5,CI IS RELATED TO PRODUCTIVITY AND EFFICIENCY INCREASING,DEVELOPMENT ACTIVITIES,0.85,10
C923,deepseek,deepseek-chat,L1,5,CI IS RELATED TO POSITIVE IMPACTS ON TEST PRACTICE,QUALITY ASSURANCE,0.85,4
C924,deepseek,deepseek-chat,L1,5,CI IS RELATED TO POSITIVE IMPACTS ON TEST PRACTICE,QUALITY ASSURANCE,0.75,4
C925,deepseek,deepseek-chat,L1,5,CI IS RELATED TO AN INCREASE QUALITY ASSESSMENT,QUALITY ASSURANCE,0.75,4
C926,deepseek,deepseek-chat,L1,5,CI IS RELATED TO POSITIVE IMPACTS ON RELEASE CYCLE,SOFTWARE PROCESS,0.85,8
C927,deepseek,deepseek-chat,L1,5,CI IS ASSOCIATED TO MULTI-ENVIRONMENT TESTS,QUALITY ASSURANCE,0.95,4
C928,deepseek,deepseek-chat,L1,5,CI IS ASSOCIATED WITH CONFIDENCE IMPROVEMENT,DEVELOPMENT ACTIVITIES,0.95,10
C930,deepseek,deepseek-chat,L1,5,CI IS ASSOCIATED WITH TECHNICAL CHALLENGES,SOFTWARE PROCESS,0.85,8
C931,deepseek,deepseek-chat,L1,5,CI MAY GENERATE A FALSE SENSE OF CONFIDENCE,DEVELOPMENT ACTIVITIES,1.0,10
C932,deepseek,deepseek-chat,L1,5,CI IS ASSOCIATED WITH HUMAN CHALLENGES,DEVELOPMENT ACTIVITIES,0.85,10
C933,deepseek,deepseek-chat,L1,5,CI IS ASSOCIATED WITH ADDING EXTRA COMPLEXITY,DEVELOPMENT ACTIVITIES,0.85,10
C934,deepseek,deepseek-chat,L1,5,CI IS ASSOCIATED WITH AN IMPROVEMENT IN PROCESS AUTOMATION,SOFTWARE PROCESS,0.95,8
C936,deepseek,deepseek-chat,L1,5,CI IS RELATED TO PRODUCTIVITY AND EFFICIENCY INCREASING,DEVELOPMENT ACTIVITIES,0.95,10
C937,deepseek,deepseek-chat,L1,5,CI IS ASSOCIATED WITH A DECREASE IN TIME TO LEAD DEFECTS,ISSUES AND DEFECTS,0.85,3
C938,deepseek,deepseek-chat,L1,5,CI IS RELATED TO POSITIVE IMPACTS ON RELEASE CYCLE,SOFTWARE PROCESS,0.95,8
C939,deepseek,deepseek-chat,L1,5,CI IS RELATED TO AN INCREASE QUALITY ASSESSMENT,QUALITY ASSURANCE,0.75,4
C940,deepseek,deepseek-chat,L1,5,CI IS RELATED TO POSITIVE IMPACTS ON PULL REQUESTS LIFE-CYCLE,INTEGRATION PATTERNS,0.85,4
C941,deepseek,deepseek-chat,L1,5,CI IS RELATED TO PRODUCTIVITY AND EFFICIENCY INCREASING,DEVELOPMENT ACTIVITIES,0.95,10
C943,deepseek,deepseek-chat,L1,5,CI IS ASSOCIATED WITH DEFECTS REDUCTION,ISSUES AND DEFECTS,0.85,3
C944,deepseek,deepseek-chat,L1,5,CI IS RELATED TO POSITIVE IMPACTS ON PULL REQUESTS LIFE-CYCLE,INTEGRATION PATTERNS,0.85,4
C945,deepseek,deepseek-chat,L1,5,CI IS RELATED TO NEGATIVE IMPACTS ON PULL REQUESTS LIFE-CYCLE,INTEGRATION PATTERNS,0.85,4
C946,deepseek,deepseek-chat,L1,5,CI IS RELATED TO NEGATIVE IMPACTS ON PULL REQUESTS LIFE-CYCLE,INTEGRATION PATTERNS,0.95,4
C947,deepseek,deepseek-chat,L1,5,CI IS RELATED TO POSITIVE IMPACTS ON PULL REQUESTS LIFE-CYCLE,INTEGRATION PATTERNS,0.85,4
C948,deepseek,deepseek-chat,L1,5,CI IS RELATED TO POSITIVE IMPACTS ON PULL REQUESTS LIFE-CYCLE,INTEGRATION PATTERNS,0.85,4
C949,deepseek,deepseek-chat,L1,5,CI IS ASSOCIATED WITH AN INCREASE IN COOPERATION,SOFTWARE PROCESS,0.85,8
C950,deepseek,deepseek-chat,L1,5,CI IS ASSOCIATED WITH A COMMIT PATTERN CHANGE,INTEGRATION PATTERNS,0.85,4
C951,deepseek,deepseek-chat,L1,5,CI IS ASSOCIATED WITH A COMMIT PATTERN CHANGE,INTEGRATION PATTERNS,0.85,4
C952,deepseek,deepseek-chat,L1,5,CI IS RELATED TO NEGATIVE IMPACTS ON PULL REQUESTS LIFE-CYCLE,INTEGRATION PATTERNS,0.85,4
C953,deepseek,deepseek-chat,L1,5,CI IS ASSOCIATED WITH ISSUES REDUCTION,ISSUES AND DEFECTS,0.85,3
C954,deepseek,deepseek-chat,L1,5,CI IS RELATED TO POSITIVE IMPACTS ON TEST PRACTICE,QUALITY ASSURANCE,0.85,4
C955,deepseek,deepseek-chat,L1,5,CI IS ASSOCIATED WITH A DECREASE IN MAGNETISM AND RETENTION,DEVELOPMENT ACTIVITIES,0.95,10
C956,deepseek,deepseek-chat,L1,5,CI IS ASSOCIATED WITH A DECREASED PERCEPTION OF PRODUCTIVITY,DEVELOPMENT ACTIVITIES,0.95,10
C957,deepseek,deepseek-chat,L1,5,CI IS ASSOCIATED WITH HUMAN CHALLENGES,DEVELOPMENT ACTIVITIES,0.45,10
C958,deepseek,deepseek-chat,L1,5,CI IS ASSOCIATED WITH SOFTWARE DEVELOPMENT BENEFITS,SOFTWARE PROCESS,0.45,8
C959,deepseek,deepseek-chat,L1,5,CI IS RELATED TO POSITIVE IMPACTS ON TEST PRACTICE,QUALITY ASSURANCE,0.85,4
C960,deepseek,deepseek-chat,L1,5,CI IS RELATED TO PRODUCTIVITY AND EFFICIENCY INCREASING,DEVELOPMENT ACTIVITIES,0.3,10
C961,deepseek,deepseek-chat,L1,5,CI IS ASSOCIATED WITH DEFECTS REDUCTION,ISSUES AND DEFECTS,0.85,3
C962,deepseek,deepseek-chat,L1,5,CI IS ASSOCIATED WITH CONFIDENCE IMPROVEMENT,DEVELOPMENT ACTIVITIES,0.85,10
C964,deepseek,deepseek-chat,L1,5,CI IS RELATED TO POSITIVE IMPACTS ON RELEASE CYCLE,SOFTWARE PROCESS,0.95,8
C965,deepseek,deepseek-chat,L1,5,CI IS RELATED TO POSITIVE IMPACTS ON RELEASE CYCLE,SOFTWARE PROCESS,0.85,8
C966,deepseek,deepseek-chat,L1,5,CI IS ASSOCIATED WITH A POSITIVE IMPACT ON INTEGRATION PRACTICE,INTEGRATION PATTERNS,0.85,4
C967,deepseek,deepseek-chat,L1,5,CI IS ASSOCIATED WITH SOFTWARE DEVELOPMENT BENEFITS,SOFTWARE PROCESS,0.45,8
C968,deepseek,deepseek-chat,L1,5,CI IS ASSOCIATED TO MULTI-ENVIRONMENT TESTS,QUALITY ASSURANCE,0.85,4
C969,deepseek,deepseek-chat,L1,5,CI IS RELATED TO POSITIVE IMPACTS ON TEST PRACTICE,QUALITY ASSURANCE,0.85,4
C970,deepseek,deepseek-chat,L1,5,CI IS RELATED TO POSITIVE IMPACTS ON TEST PRACTICE,QUALITY ASSURANCE,0.85,4
C971,deepseek,deepseek-chat,L1,5,CI IS RELATED TO AN INCREASE QUALITY ASSESSMENT,QUALITY ASSURANCE,0.85,4
C972,deepseek,deepseek-chat,L1,5,CI IS RELATED TO PRODUCTIVITY AND EFFICIENCY INCREASING,DEVELOPMENT ACTIVITIES,0.85,10
C973,deepseek,deepseek-chat,L1,5,CI IS ASSOCIATED WITH ORGANIZATIONAL CHALLENGES,DEVELOPMENT ACTIVITIES,0.45,10
C974,deepseek,deepseek-chat,L1,5,CI IS ASSOCIATED WITH DEFECTS REDUCTION,ISSUES AND DEFECTS,0.85,3
C975,deepseek,deepseek-chat,L1,5,CI IS ASSOCIATED WITH CONFIDENCE IMPROVEMENT,DEVELOPMENT ACTIVITIES,0.85,10
C976,deepseek,deepseek-chat,L1,5,CI IS RELATED TO POSITIVE IMPACTS ON RELEASE CYCLE,SOFTWARE PROCESS,0.95,8
C977,deepseek,deepseek-chat,L1,5,CI IS RELATED TO POSITIVE IMPACTS ON PULL REQUESTS LIFE-CYCLE,INTEGRATION PATTERNS,0.95,4
C978,deepseek,deepseek-chat,L1,5,CI IS ASSOCIATED TO MULTI-ENVIRONMENT TESTS,QUALITY ASSURANCE,0.85,4
C979,deepseek,deepseek-chat,L1,5,CI IS RELATED TO POSITIVE IMPACTS ON RELEASE CYCLE,SOFTWARE PROCESS,0.85,8
C980,deepseek,deepseek-chat,L1,5,CI IS ASSOCIATED WITH A POSITIVE IMPACT ON INTEGRATION PRACTICE,INTEGRATION PATTERNS,0.95,4
C981,deepseek,deepseek-chat,L1,5,CI IS ASSOCIATED TO MULTI-ENVIRONMENT TESTS,QUALITY ASSURANCE,0.85,4
C982,deepseek,deepseek-chat,L1,5,CI IS RELATED TO PRODUCTIVITY AND EFFICIENCY INCREASING,DEVELOPMENT ACTIVITIES,0.75,10
C983,deepseek,deepseek-chat,L1,5,CI IS RELATED TO POSITIVE IMPACTS ON PULL REQUESTS LIFE-CYCLE,INTEGRATION PATTERNS,0.85,4
C984,deepseek,deepseek-chat,L1,5,CI IS RELATED TO POSITIVE IMPACTS ON RELEASE CYCLE,SOFTWARE PROCESS,0.85,8
C985,deepseek,deepseek-chat,L1,5,CI IS ASSOCIATED WITH BUILD HEALTH,BUILD PATTERNS,0.85,2
C986,deepseek,deepseek-chat,L1,5,CI IS ASSOCIATED WITH A DECREASING IN BUILD TIME,BUILD PATTERNS,1.0,2
C987,deepseek,deepseek-chat,L1,5,CI IS ASSOCIATED WITH A POSITIVE IMPACT ON INTEGRATION PRACTICE,INTEGRATION PATTERNS,0.85,4
C988,deepseek,deepseek-chat,L1,5,CI IS RELATED TO POSITIVE IMPACTS ON TEST PRACTICE,QUALITY ASSURANCE,0.85,4
C990,deepseek,deepseek-chat,L1,5,CI IS RELATED TO POSITIVE IMPACTS ON PULL REQUESTS LIFE-CYCLE,INTEGRATION PATTERNS,0.45,4
C992,deepseek,deepseek-chat,L1,5,CI IS RELATED TO PRODUCTIVITY AND EFFICIENCY INCREASING,DEVELOPMENT ACTIVITIES,0.85,10
C993,deepseek,deepseek-chat,L1,5,CI IS RELATED TO AN INCREASE QUALITY ASSESSMENT,QUALITY ASSURANCE,0.45,4
C994,deepseek,deepseek-chat,L1,5,CI IS ASSOCIATED WITH DEFECTS REDUCTION,ISSUES AND DEFECTS,0.75,3
C995,deepseek,deepseek-chat,L1,5,CI IS RELATED TO POSITIVE IMPACTS ON TEST PRACTICE,QUALITY ASSURANCE,0.85,4
C996,deepseek,deepseek-chat,L1,5,CI IS ASSOCIATED TO MULTI-ENVIRONMENT TESTS,QUALITY ASSURANCE,0.95,4
C998,deepseek,deepseek-chat,L1,5,CI IS ASSOCIATED WITH AN INCREASE IN COOPERATION,SOFTWARE PROCESS,0.85,8
C999,deepseek,deepseek-chat,L1,5,CI IS ASSOCIATED WITH AN IMPROVEMENT IN PROCESS AUTOMATION,SOFTWARE PROCESS,0.85,8
C1000,deepseek,deepseek-chat,L1,5,CI IS ASSOCIATED WITH CONFIDENCE IMPROVEMENT,DEVELOPMENT ACTIVITIES,0.95,10
C1001,deepseek,deepseek-chat,L1,5,CI MAY GENERATE A FALSE SENSE OF CONFIDENCE,DEVELOPMENT ACTIVITIES,1.0,10
C1002,deepseek,deepseek-chat,L1,5,CI IS ASSOCIATED WITH ADDING EXTRA COMPLEXITY,DEVELOPMENT ACTIVITIES,0.85,10
C1003,deepseek,deepseek-chat,L1,5,CI IS ASSOCIATED WITH ADDING EXTRA COMPLEXITY,DEVELOPMENT ACTIVITIES,0.45,10
C1004,deepseek,deepseek-chat,L1,5,CI IS ASSOCIATED WITH HUMAN CHALLENGES,DEVELOPMENT ACTIVITIES,0.85,10
C1005,deepseek,deepseek-chat,L1,5,CI IS ASSOCIATED WITH DEFECTS REDUCTION,ISSUES AND DEFECTS,0.85,3
C1007,deepseek,deepseek-chat,L1,5,CI IS ASSOCIATED WITH AN INCREASE IN COOPERATION,SOFTWARE PROCESS,0.85,8
C1008,deepseek,deepseek-chat,L1,5,CI IS ASSOCIATED WITH ISSUES REDUCTION,ISSUES AND DEFECTS,0.75,3
C1010,deepseek,deepseek-chat,L1,5,CI IS ASSOCIATED WITH SOFTWARE DEVELOPMENT BENEFITS,SOFTWARE PROCESS,0.75,8
C1012,deepseek,deepseek-chat,L1,5,CI IS ASSOCIATED WITH SOFTWARE DEVELOPMENT BENEFITS,SOFTWARE PROCESS,0.45,8
C1013,deepseek,deepseek-chat,L1,5,CI IS RELATED TO AN INCREASE QUALITY ASSESSMENT,QUALITY ASSURANCE,0.85,4
C1014,deepseek,deepseek-chat,L1,5,CI IS ASSOCIATED WITH A WORKLOAD REDUCTION,DEVELOPMENT ACTIVITIES,0.95,10
C1015,deepseek,deepseek-chat,L1,5,CI IS ASSOCIATED WITH AN IMPROVEMENT IN PROCESS AUTOMATION,SOFTWARE PROCESS,0.85,8
C891,deepseek,deepseek-chat,L1,6,CI IS ASSOCIATED WITH TECHNICAL CHALLENGES,SOFTWARE PROCESS,0.45,8
C892,deepseek,deepseek-chat,L1,6,CI IS ASSOCIATED WITH A COMMIT PATTERN CHANGE,INTEGRATION PATTERNS,0.85,4
C893,deepseek,deepseek-chat,L1,6,CI IS ASSOCIATED WITH A COMMIT PATTERN CHANGE,INTEGRATION PATTERNS,0.85,4
C894,deepseek,deepseek-chat,L1,6,CI IS ASSOCIATED WITH AN IMPROVEMENT IN SATISFACTION,DEVELOPMENT ACTIVITIES,0.95,10
C895,deepseek,deepseek-chat,L1,6,CI IS RELATED TO POSITIVE IMPACTS ON TEST PRACTICE,QUALITY ASSURANCE,0.85,4
C896,deepseek,deepseek-chat,L1,6,CI IS ASSOCIATED WITH TECHNICAL CHALLENGES,SOFTWARE PROCESS,0.85,8
C897,deepseek,deepseek-chat,L1,6,CI IS ASSOCIATED WITH A WORKLOAD REDUCTION,DEVELOPMENT ACTIVITIES,0.85,10
C898,deepseek,deepseek-chat,L1,6,CI IS ASSOCIATED WITH ADDING EXTRA COMPLEXITY,DEVELOPMENT ACTIVITIES,0.95,10
C899,deepseek,deepseek-chat,L1,6,CI IS ASSOCIATED WITH AN INCREASE IN COOPERATION,SOFTWARE PROCESS,0.95,8
C901,deepseek,deepseek-chat,L1,6,CI IS ASSOCIATED WITH DEFECTS REDUCTION,ISSUES AND DEFECTS,0.85,3
C903,deepseek,deepseek-chat,L1,6,CI IS ASSOCIATED WITH BUILD HEALTH,BUILD PATTERNS,0.85,2
C904,deepseek,deepseek-chat,L1,6,CI IS RELATED TO PRODUCTIVITY AND EFFICIENCY INCREASING,DEVELOPMENT ACTIVITIES,0.85,10
C905,deepseek,deepseek-chat,L1,6,CI IS ASSOCIATED WITH TECHNICAL CHALLENGES,SOFTWARE PROCESS,0.85,8
C906,deepseek,deepseek-chat,L1,6,CI IS RELATED TO PRODUCTIVITY AND EFFICIENCY INCREASING,DEVELOPMENT ACTIVITIES,0.95,10
C907,deepseek,deepseek-chat,L1,6,CI IS ASSOCIATED WITH CONFIDENCE IMPROVEMENT,DEVELOPMENT ACTIVITIES,0.95,10
C908,deepseek,deepseek-chat,L1,6,CI IS ASSOCIATED WITH SOFTWARE DEVELOPMENT BENEFITS,SOFTWARE PROCESS,0.85,8
C909,deepseek,deepseek-chat,L1,6,CI IS ASSOCIATED WITH TO FAVOR CONTINUOUS REFACTORING,QUALITY ASSURANCE,0.95,4
C910,deepseek,deepseek-chat,L1,6,CI IS RELATED TO AN INCREASE QUALITY ASSESSMENT,QUALITY ASSURANCE,0.85,4
C911,deepseek,deepseek-chat,L1,6,CI FACILITATES THE TRANSITION TO AGILE,SOFTWARE PROCESS,0.95,8
C912,deepseek,deepseek-chat,L1,6,CI IS ASSOCIATED WITH A FEED BACK FREQUENCY INCREASE,SOFTWARE PROCESS,0.95,8
C913,deepseek,deepseek-chat,L1,6,CI IS ASSOCIATED WITH AN IMPROVEMENT IN PROCESS RELIABILITY,SOFTWARE PROCESS,0.85,8
C914,deepseek,deepseek-chat,L1,6,CI IS RELATED TO POSITIVE IMPACTS ON PULL REQUESTS LIFE-CYCLE,INTEGRATION PATTERNS,0.85,4
C915,deepseek,deepseek-chat,L1,6,CI IS ASSOCIATED WITH BUILD HEALTH,BUILD PATTERNS,0.95,2
C916,deepseek,deepseek-chat,L1,6,CI IS ASSOCIATED WITH BUILD HEALTH,BUILD PATTERNS,0.85,2
C917,deepseek,deepseek-chat,L1,6,CI IS ASSOCIATED WITH DEFECTS REDUCTION,ISSUES AND DEFECTS,0.95,3
C918,deepseek,deepseek-chat,L1,6,CI IS ASSOCIATED WITH A DECREASE IN TIME TO LEAD DEFECTS,ISSUES AND DEFECTS,0.95,3
C919,deepseek,deepseek-chat,L1,6,CI IS ASSOCIATED WITH AN INCREASE IN COOPERATION,SOFTWARE PROCESS,0.85,8
C920,deepseek,deepseek-chat,L1,6,CI IS ASSOCIATED WITH AN INCREASE IN COOPERATION,SOFTWARE PROCESS,0.85,8
C921,deepseek,deepseek-chat,L1,6,CI IS ASSOCIATED WITH AN IMPROVEMENT IN PROCESS RELIABILITY,SOFTWARE PROCESS,0.85,8
C922,deepseek,deepseek-chat,L1,6,CI IS RELATED TO PRODUCTIVITY AND EFFICIENCY INCREASING,DEVELOPMENT ACTIVITIES,0.95,10
C923,deepseek,deepseek-chat,L1,6,CI IS RELATED TO POSITIVE IMPACTS ON TEST PRACTICE,QUALITY ASSURANCE,0.85,4
C924,deepseek,deepseek-chat,L1,6,CI IS RELATED TO POSITIVE IMPACTS ON TEST PRACTICE,QUALITY ASSURANCE,0.85,4
C925,deepseek,deepseek-chat,L1,6,CI IS RELATED TO AN INCREASE QUALITY ASSESSMENT,QUALITY ASSURANCE,0.65,4
C926,deepseek,deepseek-chat,L1,6,CI IS RELATED TO POSITIVE IMPACTS ON RELEASE CYCLE,SOFTWARE PROCESS,0.85,8
C927,deepseek,deepseek-chat,L1,6,CI IS ASSOCIATED TO MULTI-ENVIRONMENT TESTS,QUALITY ASSURANCE,0.95,4
C928,deepseek,deepseek-chat,L1,6,CI IS ASSOCIATED WITH CONFIDENCE IMPROVEMENT,DEVELOPMENT ACTIVITIES,0.95,10
C930,deepseek,deepseek-chat,L1,6,CI IS ASSOCIATED WITH TECHNICAL CHALLENGES,SOFTWARE PROCESS,0.85,8
C931,deepseek,deepseek-chat,L1,6,CI MAY GENERATE A FALSE SENSE OF CONFIDENCE,DEVELOPMENT ACTIVITIES,1.0,10
C932,deepseek,deepseek-chat,L1,6,CI IS ASSOCIATED WITH HUMAN CHALLENGES,DEVELOPMENT ACTIVITIES,0.85,10
C933,deepseek,deepseek-chat,L1,6,CI IS ASSOCIATED WITH ADDING EXTRA COMPLEXITY,DEVELOPMENT ACTIVITIES,0.85,10
C934,deepseek,deepseek-chat,L1,6,CI IS ASSOCIATED WITH AN IMPROVEMENT IN PROCESS AUTOMATION,SOFTWARE PROCESS,0.95,8
C936,deepseek,deepseek-chat,L1,6,CI IS RELATED TO PRODUCTIVITY AND EFFICIENCY INCREASING,DEVELOPMENT ACTIVITIES,0.95,10
C937,deepseek,deepseek-chat,L1,6,CI IS ASSOCIATED WITH A DECREASE IN TIME TO LEAD DEFECTS,ISSUES AND DEFECTS,0.85,3
C938,deepseek,deepseek-chat,L1,6,CI IS RELATED TO POSITIVE IMPACTS ON RELEASE CYCLE,SOFTWARE PROCESS,0.95,8
C939,deepseek,deepseek-chat,L1,6,CI IS RELATED TO AN INCREASE QUALITY ASSESSMENT,QUALITY ASSURANCE,0.75,4
C940,deepseek,deepseek-chat,L1,6,CI IS RELATED TO POSITIVE IMPACTS ON PULL REQUESTS LIFE-CYCLE,INTEGRATION PATTERNS,0.85,4
C941,deepseek,deepseek-chat,L1,6,CI IS RELATED TO PRODUCTIVITY AND EFFICIENCY INCREASING,DEVELOPMENT ACTIVITIES,0.95,10
C943,deepseek,deepseek-chat,L1,6,CI IS ASSOCIATED WITH DEFECTS REDUCTION,ISSUES AND DEFECTS,0.85,3
C944,deepseek,deepseek-chat,L1,6,CI IS RELATED TO POSITIVE IMPACTS ON PULL REQUESTS LIFE-CYCLE,INTEGRATION PATTERNS,0.85,4
C945,deepseek,deepseek-chat,L1,6,CI IS RELATED TO NEGATIVE IMPACTS ON PULL REQUESTS LIFE-CYCLE,INTEGRATION PATTERNS,0.85,4
C946,deepseek,deepseek-chat,L1,6,CI IS RELATED TO NEGATIVE IMPACTS ON PULL REQUESTS LIFE-CYCLE,INTEGRATION PATTERNS,0.95,4
C947,deepseek,deepseek-chat,L1,6,CI IS RELATED TO POSITIVE IMPACTS ON PULL REQUESTS LIFE-CYCLE,INTEGRATION PATTERNS,0.85,4
C948,deepseek,deepseek-chat,L1,6,CI IS RELATED TO POSITIVE IMPACTS ON PULL REQUESTS LIFE-CYCLE,INTEGRATION PATTERNS,0.85,4
C949,deepseek,deepseek-chat,L1,6,CI IS ASSOCIATED WITH AN INCREASE IN COOPERATION,SOFTWARE PROCESS,0.85,8
C950,deepseek,deepseek-chat,L1,6,CI IS ASSOCIATED WITH A COMMIT PATTERN CHANGE,INTEGRATION PATTERNS,0.85,4
C951,deepseek,deepseek-chat,L1,6,CI IS ASSOCIATED WITH A COMMIT PATTERN CHANGE,INTEGRATION PATTERNS,0.85,4
C952,deepseek,deepseek-chat,L1,6,CI IS RELATED TO NEGATIVE IMPACTS ON PULL REQUESTS LIFE-CYCLE,INTEGRATION PATTERNS,0.85,4
C953,deepseek,deepseek-chat,L1,6,CI IS ASSOCIATED WITH ISSUES REDUCTION,ISSUES AND DEFECTS,0.85,3
C954,deepseek,deepseek-chat,L1,6,CI IS RELATED TO POSITIVE IMPACTS ON TEST PRACTICE,QUALITY ASSURANCE,0.85,4
C955,deepseek,deepseek-chat,L1,6,CI IS ASSOCIATED WITH A DECREASE IN MAGNETISM AND RETENTION,DEVELOPMENT ACTIVITIES,1.0,10
C956,deepseek,deepseek-chat,L1,6,CI IS ASSOCIATED WITH A DECREASED PERCEPTION OF PRODUCTIVITY,DEVELOPMENT ACTIVITIES,0.95,10
C957,deepseek,deepseek-chat,L1,6,CI IS ASSOCIATED WITH HUMAN CHALLENGES,DEVELOPMENT ACTIVITIES,0.45,10
C958,deepseek,deepseek-chat,L1,6,CI IS ASSOCIATED WITH SOFTWARE DEVELOPMENT BENEFITS,SOFTWARE PROCESS,0.45,8
C959,deepseek,deepseek-chat,L1,6,CI IS RELATED TO POSITIVE IMPACTS ON TEST PRACTICE,QUALITY ASSURANCE,0.85,4
C960,deepseek,deepseek-chat,L1,6,CI IS RELATED TO PRODUCTIVITY AND EFFICIENCY INCREASING,DEVELOPMENT ACTIVITIES,0.3,10
C961,deepseek,deepseek-chat,L1,6,CI IS ASSOCIATED WITH DEFECTS REDUCTION,ISSUES AND DEFECTS,0.85,3
C962,deepseek,deepseek-chat,L1,6,CI IS ASSOCIATED WITH CONFIDENCE IMPROVEMENT,DEVELOPMENT ACTIVITIES,0.85,10
C964,deepseek,deepseek-chat,L1,6,CI IS RELATED TO POSITIVE IMPACTS ON RELEASE CYCLE,SOFTWARE PROCESS,0.95,8
C965,deepseek,deepseek-chat,L1,6,CI IS RELATED TO POSITIVE IMPACTS ON RELEASE CYCLE,SOFTWARE PROCESS,0.85,8
C966,deepseek,deepseek-chat,L1,6,CI IS ASSOCIATED WITH A POSITIVE IMPACT ON INTEGRATION PRACTICE,INTEGRATION PATTERNS,0.85,4
C967,deepseek,deepseek-chat,L1,6,CI IS ASSOCIATED WITH SOFTWARE DEVELOPMENT BENEFITS,SOFTWARE PROCESS,0.45,8
C968,deepseek,deepseek-chat,L1,6,CI IS ASSOCIATED TO MULTI-ENVIRONMENT TESTS,QUALITY ASSURANCE,0.85,4
C969,deepseek,deepseek-chat,L1,6,CI IS RELATED TO POSITIVE IMPACTS ON TEST PRACTICE,QUALITY ASSURANCE,0.85,4
C970,deepseek,deepseek-chat,L1,6,CI IS RELATED TO POSITIVE IMPACTS ON TEST PRACTICE,QUALITY ASSURANCE,0.85,4
C971,deepseek,deepseek-chat,L1,6,CI IS RELATED TO AN INCREASE QUALITY ASSESSMENT,QUALITY ASSURANCE,0.85,4
C972,deepseek,deepseek-chat,L1,6,CI IS RELATED TO PRODUCTIVITY AND EFFICIENCY INCREASING,DEVELOPMENT ACTIVITIES,0.85,10
C973,deepseek,deepseek-chat,L1,6,CI IS ASSOCIATED WITH ORGANIZATIONAL CHALLENGES,DEVELOPMENT ACTIVITIES,0.45,10
C974,deepseek,deepseek-chat,L1,6,CI IS ASSOCIATED WITH DEFECTS REDUCTION,ISSUES AND DEFECTS,0.85,3
C975,deepseek,deepseek-chat,L1,6,CI IS ASSOCIATED WITH CONFIDENCE IMPROVEMENT,DEVELOPMENT ACTIVITIES,0.85,10
C976,deepseek,deepseek-chat,L1,6,CI IS RELATED TO POSITIVE IMPACTS ON RELEASE CYCLE,SOFTWARE PROCESS,0.95,8
C977,deepseek,deepseek-chat,L1,6,CI IS RELATED TO POSITIVE IMPACTS ON PULL REQUESTS LIFE-CYCLE,INTEGRATION PATTERNS,0.95,4
C978,deepseek,deepseek-chat,L1,6,CI IS ASSOCIATED TO MULTI-ENVIRONMENT TESTS,QUALITY ASSURANCE,0.85,4
C979,deepseek,deepseek-chat,L1,6,CI IS RELATED TO POSITIVE IMPACTS ON RELEASE CYCLE,SOFTWARE PROCESS,0.85,8
C980,deepseek,deepseek-chat,L1,6,CI IS ASSOCIATED WITH A POSITIVE IMPACT ON INTEGRATION PRACTICE,INTEGRATION PATTERNS,0.85,4
C981,deepseek,deepseek-chat,L1,6,CI IS ASSOCIATED TO MULTI-ENVIRONMENT TESTS,QUALITY ASSURANCE,0.85,4
C982,deepseek,deepseek-chat,L1,6,CI IS RELATED TO PRODUCTIVITY AND EFFICIENCY INCREASING,DEVELOPMENT ACTIVITIES,0.75,10
C983,deepseek,deepseek-chat,L1,6,CI IS RELATED TO POSITIVE IMPACTS ON PULL REQUESTS LIFE-CYCLE,INTEGRATION PATTERNS,0.85,4
C984,deepseek,deepseek-chat,L1,6,CI IS RELATED TO POSITIVE IMPACTS ON RELEASE CYCLE,SOFTWARE PROCESS,0.85,8
C985,deepseek,deepseek-chat,L1,6,CI IS ASSOCIATED WITH BUILD HEALTH,BUILD PATTERNS,0.85,2
C986,deepseek,deepseek-chat,L1,6,CI IS ASSOCIATED WITH A DECREASING IN BUILD TIME,BUILD PATTERNS,1.0,2
C987,deepseek,deepseek-chat,L1,6,CI IS ASSOCIATED WITH A POSITIVE IMPACT ON INTEGRATION PRACTICE,INTEGRATION PATTERNS,0.85,4
C988,deepseek,deepseek-chat,L1,6,CI IS RELATED TO POSITIVE IMPACTS ON TEST PRACTICE,QUALITY ASSURANCE,0.85,4
C990,deepseek,deepseek-chat,L1,6,CI IS RELATED TO POSITIVE IMPACTS ON PULL REQUESTS LIFE-CYCLE,INTEGRATION PATTERNS,0.45,4
C992,deepseek,deepseek-chat,L1,6,CI IS RELATED TO PRODUCTIVITY AND EFFICIENCY INCREASING,DEVELOPMENT ACTIVITIES,0.85,10
C993,deepseek,deepseek-chat,L1,6,CI IS RELATED TO AN INCREASE QUALITY ASSESSMENT,QUALITY ASSURANCE,0.45,4
C994,deepseek,deepseek-chat,L1,6,CI IS ASSOCIATED WITH DEFECTS REDUCTION,ISSUES AND DEFECTS,0.75,3
C995,deepseek,deepseek-chat,L1,6,CI IS RELATED TO POSITIVE IMPACTS ON TEST PRACTICE,QUALITY ASSURANCE,0.85,4
C996,deepseek,deepseek-chat,L1,6,CI IS ASSOCIATED TO MULTI-ENVIRONMENT TESTS,QUALITY ASSURANCE,0.95,4
C998,deepseek,deepseek-chat,L1,6,CI IS ASSOCIATED WITH AN INCREASE IN COOPERATION,SOFTWARE PROCESS,0.85,8
C999,deepseek,deepseek-chat,L1,6,CI IS ASSOCIATED WITH AN IMPROVEMENT IN PROCESS AUTOMATION,SOFTWARE PROCESS,0.85,8
C1000,deepseek,deepseek-chat,L1,6,CI IS ASSOCIATED WITH CONFIDENCE IMPROVEMENT,DEVELOPMENT ACTIVITIES,0.95,10
C1001,deepseek,deepseek-chat,L1,6,CI MAY GENERATE A FALSE SENSE OF CONFIDENCE,DEVELOPMENT ACTIVITIES,1.0,10
C1002,deepseek,deepseek-chat,L1,6,CI IS ASSOCIATED WITH ADDING EXTRA COMPLEXITY,DEVELOPMENT ACTIVITIES,0.85,10
C1003,deepseek,deepseek-chat,L1,6,CI IS ASSOCIATED WITH ADDING EXTRA COMPLEXITY,DEVELOPMENT ACTIVITIES,0.45,10
C1004,deepseek,deepseek-chat,L1,6,CI IS ASSOCIATED WITH HUMAN CHALLENGES,DEVELOPMENT ACTIVITIES,0.85,10
C1005,deepseek,deepseek-chat,L1,6,CI IS ASSOCIATED WITH DEFECTS REDUCTION,ISSUES AND DEFECTS,0.85,3
C1007,deepseek,deepseek-chat,L1,6,CI IS ASSOCIATED WITH AN INCREASE IN COOPERATION,SOFTWARE PROCESS,0.85,8
C1008,deepseek,deepseek-chat,L1,6,CI IS ASSOCIATED WITH ISSUES REDUCTION,ISSUES AND DEFECTS,0.85,3
C1010,deepseek,deepseek-chat,L1,6,CI IS ASSOCIATED WITH SOFTWARE DEVELOPMENT BENEFITS,SOFTWARE PROCESS,0.75,8
C1012,deepseek,deepseek-chat,L1,6,CI IS ASSOCIATED WITH SOFTWARE DEVELOPMENT BENEFITS,SOFTWARE PROCESS,0.45,8
C1013,deepseek,deepseek-chat,L1,6,CI IS RELATED TO AN INCREASE QUALITY ASSESSMENT,QUALITY ASSURANCE,0.85,4
C1014,deepseek,deepseek-chat,L1,6,CI IS ASSOCIATED WITH A WORKLOAD REDUCTION,DEVELOPMENT ACTIVITIES,0.95,10
C1015,deepseek,deepseek-chat,L1,6,CI IS ASSOCIATED WITH AN IMPROVEMENT IN PROCESS AUTOMATION,SOFTWARE PROCESS,0.85,8
C891,deepseek,deepseek-chat,L1,7,CI IS ASSOCIATED WITH TECHNICAL CHALLENGES,SOFTWARE PROCESS,0.45,8
C892,deepseek,deepseek-chat,L1,7,CI IS ASSOCIATED WITH A COMMIT PATTERN CHANGE,INTEGRATION PATTERNS,0.85,4
C893,deepseek,deepseek-chat,L1,7,CI IS ASSOCIATED WITH A COMMIT PATTERN CHANGE,INTEGRATION PATTERNS,0.85,4
C894,deepseek,deepseek-chat,L1,7,CI IS ASSOCIATED WITH AN IMPROVEMENT IN SATISFACTION,DEVELOPMENT ACTIVITIES,0.95,10
C895,deepseek,deepseek-chat,L1,7,CI IS RELATED TO POSITIVE IMPACTS ON TEST PRACTICE,QUALITY ASSURANCE,0.85,4
C896,deepseek,deepseek-chat,L1,7,CI IS ASSOCIATED WITH TECHNICAL CHALLENGES,SOFTWARE PROCESS,0.85,8
C897,deepseek,deepseek-chat,L1,7,CI IS ASSOCIATED WITH A WORKLOAD REDUCTION,DEVELOPMENT ACTIVITIES,0.85,10
C898,deepseek,deepseek-chat,L1,7,CI IS ASSOCIATED WITH ADDING EXTRA COMPLEXITY,DEVELOPMENT ACTIVITIES,0.95,10
C899,deepseek,deepseek-chat,L1,7,CI IS ASSOCIATED WITH AN INCREASE IN COOPERATION,SOFTWARE PROCESS,0.95,8
C901,deepseek,deepseek-chat,L1,7,CI IS ASSOCIATED WITH DEFECTS REDUCTION,ISSUES AND DEFECTS,0.85,3
C903,deepseek,deepseek-chat,L1,7,CI IS ASSOCIATED WITH BUILD HEALTH,BUILD PATTERNS,0.85,2
C904,deepseek,deepseek-chat,L1,7,CI IS RELATED TO PRODUCTIVITY AND EFFICIENCY INCREASING,DEVELOPMENT ACTIVITIES,0.85,10
C905,deepseek,deepseek-chat,L1,7,CI IS ASSOCIATED WITH TECHNICAL CHALLENGES,SOFTWARE PROCESS,0.85,8
C906,deepseek,deepseek-chat,L1,7,CI IS RELATED TO PRODUCTIVITY AND EFFICIENCY INCREASING,DEVELOPMENT ACTIVITIES,0.95,10
C907,deepseek,deepseek-chat,L1,7,CI IS ASSOCIATED WITH CONFIDENCE IMPROVEMENT,DEVELOPMENT ACTIVITIES,0.95,10
C908,deepseek,deepseek-chat,L1,7,CI IS ASSOCIATED WITH SOFTWARE DEVELOPMENT BENEFITS,SOFTWARE PROCESS,0.85,8
C909,deepseek,deepseek-chat,L1,7,CI IS ASSOCIATED WITH TO FAVOR CONTINUOUS REFACTORING,QUALITY ASSURANCE,0.95,4
C910,deepseek,deepseek-chat,L1,7,CI IS RELATED TO AN INCREASE QUALITY ASSESSMENT,QUALITY ASSURANCE,0.85,4
C911,deepseek,deepseek-chat,L1,7,CI FACILITATES THE TRANSITION TO AGILE,SOFTWARE PROCESS,0.95,8
C912,deepseek,deepseek-chat,L1,7,CI IS ASSOCIATED WITH A FEED BACK FREQUENCY INCREASE,SOFTWARE PROCESS,0.95,8
C913,deepseek,deepseek-chat,L1,7,CI IS ASSOCIATED WITH AN IMPROVEMENT IN PROCESS RELIABILITY,SOFTWARE PROCESS,0.85,8
C914,deepseek,deepseek-chat,L1,7,CI IS RELATED TO POSITIVE IMPACTS ON PULL REQUESTS LIFE-CYCLE,INTEGRATION PATTERNS,0.85,4
C915,deepseek,deepseek-chat,L1,7,CI IS ASSOCIATED WITH BUILD HEALTH,BUILD PATTERNS,0.95,2
C916,deepseek,deepseek-chat,L1,7,CI IS ASSOCIATED WITH BUILD HEALTH,BUILD PATTERNS,0.85,2
C917,deepseek,deepseek-chat,L1,7,CI IS ASSOCIATED WITH DEFECTS REDUCTION,ISSUES AND DEFECTS,0.95,3
C918,deepseek,deepseek-chat,L1,7,CI IS ASSOCIATED WITH A DECREASE IN TIME TO LEAD DEFECTS,ISSUES AND DEFECTS,0.95,3
C919,deepseek,deepseek-chat,L1,7,CI IS ASSOCIATED WITH AN INCREASE IN COOPERATION,SOFTWARE PROCESS,0.85,8
C920,deepseek,deepseek-chat,L1,7,CI IS ASSOCIATED WITH AN INCREASE IN COOPERATION,SOFTWARE PROCESS,0.85,8
C921,deepseek,deepseek-chat,L1,7,CI IS ASSOCIATED WITH AN IMPROVEMENT IN PROCESS RELIABILITY,SOFTWARE PROCESS,0.85,8
C922,deepseek,deepseek-chat,L1,7,CI IS RELATED TO PRODUCTIVITY AND EFFICIENCY INCREASING,DEVELOPMENT ACTIVITIES,0.85,10
C923,deepseek,deepseek-chat,L1,7,CI IS RELATED TO POSITIVE IMPACTS ON TEST PRACTICE,QUALITY ASSURANCE,0.85,4
C924,deepseek,deepseek-chat,L1,7,CI IS RELATED TO POSITIVE IMPACTS ON TEST PRACTICE,QUALITY ASSURANCE,0.75,4
C925,deepseek,deepseek-chat,L1,7,CI IS RELATED TO AN INCREASE QUALITY ASSESSMENT,QUALITY ASSURANCE,0.65,4
C926,deepseek,deepseek-chat,L1,7,CI IS RELATED TO POSITIVE IMPACTS ON RELEASE CYCLE,SOFTWARE PROCESS,0.85,8
C927,deepseek,deepseek-chat,L1,7,CI IS ASSOCIATED TO MULTI-ENVIRONMENT TESTS,QUALITY ASSURANCE,0.95,4
C928,deepseek,deepseek-chat,L1,7,CI IS ASSOCIATED WITH CONFIDENCE IMPROVEMENT,DEVELOPMENT ACTIVITIES,0.95,10
C930,deepseek,deepseek-chat,L1,7,CI IS ASSOCIATED WITH TECHNICAL CHALLENGES,SOFTWARE PROCESS,0.85,8
C931,deepseek,deepseek-chat,L1,7,CI MAY GENERATE A FALSE SENSE OF CONFIDENCE,DEVELOPMENT ACTIVITIES,1.0,10
C932,deepseek,deepseek-chat,L1,7,CI IS ASSOCIATED WITH HUMAN CHALLENGES,DEVELOPMENT ACTIVITIES,0.85,10
C933,deepseek,deepseek-chat,L1,7,CI IS ASSOCIATED WITH ADDING EXTRA COMPLEXITY,DEVELOPMENT ACTIVITIES,0.85,10
C934,deepseek,deepseek-chat,L1,7,CI IS ASSOCIATED WITH AN IMPROVEMENT IN PROCESS AUTOMATION,SOFTWARE PROCESS,0.95,8
C936,deepseek,deepseek-chat,L1,7,CI IS RELATED TO PRODUCTIVITY AND EFFICIENCY INCREASING,DEVELOPMENT ACTIVITIES,0.95,10
C937,deepseek,deepseek-chat,L1,7,CI IS ASSOCIATED WITH A DECREASE IN TIME TO LEAD DEFECTS,ISSUES AND DEFECTS,0.85,3
C938,deepseek,deepseek-chat,L1,7,CI IS RELATED TO POSITIVE IMPACTS ON RELEASE CYCLE,SOFTWARE PROCESS,0.95,8
C939,deepseek,deepseek-chat,L1,7,CI IS RELATED TO AN INCREASE QUALITY ASSESSMENT,QUALITY ASSURANCE,0.75,4
C940,deepseek,deepseek-chat,L1,7,CI IS RELATED TO POSITIVE IMPACTS ON PULL REQUESTS LIFE-CYCLE,INTEGRATION PATTERNS,0.85,4
C941,deepseek,deepseek-chat,L1,7,CI IS RELATED TO PRODUCTIVITY AND EFFICIENCY INCREASING,DEVELOPMENT ACTIVITIES,0.95,10
C943,deepseek,deepseek-chat,L1,7,CI IS ASSOCIATED WITH DEFECTS REDUCTION,ISSUES AND DEFECTS,0.85,3
C944,deepseek,deepseek-chat,L1,7,CI IS RELATED TO POSITIVE IMPACTS ON PULL REQUESTS LIFE-CYCLE,INTEGRATION PATTERNS,0.85,4
C945,deepseek,deepseek-chat,L1,7,CI IS RELATED TO NEGATIVE IMPACTS ON PULL REQUESTS LIFE-CYCLE,INTEGRATION PATTERNS,0.85,4
C946,deepseek,deepseek-chat,L1,7,CI IS RELATED TO NEGATIVE IMPACTS ON PULL REQUESTS LIFE-CYCLE,INTEGRATION PATTERNS,0.95,4
C947,deepseek,deepseek-chat,L1,7,CI IS RELATED TO POSITIVE IMPACTS ON PULL REQUESTS LIFE-CYCLE,INTEGRATION PATTERNS,0.85,4
C948,deepseek,deepseek-chat,L1,7,CI IS RELATED TO POSITIVE IMPACTS ON PULL REQUESTS LIFE-CYCLE,INTEGRATION PATTERNS,0.85,4
C949,deepseek,deepseek-chat,L1,7,CI IS ASSOCIATED WITH AN INCREASE IN COOPERATION,SOFTWARE PROCESS,0.85,8
C950,deepseek,deepseek-chat,L1,7,CI IS ASSOCIATED WITH A COMMIT PATTERN CHANGE,INTEGRATION PATTERNS,0.85,4
C951,deepseek,deepseek-chat,L1,7,CI IS ASSOCIATED WITH A COMMIT PATTERN CHANGE,INTEGRATION PATTERNS,0.85,4
C952,deepseek,deepseek-chat,L1,7,CI IS RELATED TO NEGATIVE IMPACTS ON PULL REQUESTS LIFE-CYCLE,INTEGRATION PATTERNS,0.85,4
C953,deepseek,deepseek-chat,L1,7,CI IS ASSOCIATED WITH ISSUES REDUCTION,ISSUES AND DEFECTS,0.85,3
C954,deepseek,deepseek-chat,L1,7,CI IS RELATED TO POSITIVE IMPACTS ON TEST PRACTICE,QUALITY ASSURANCE,0.85,4
C955,deepseek,deepseek-chat,L1,7,CI IS ASSOCIATED WITH A DECREASE IN MAGNETISM AND RETENTION,DEVELOPMENT ACTIVITIES,1.0,10
C956,deepseek,deepseek-chat,L1,7,CI IS ASSOCIATED WITH A DECREASED PERCEPTION OF PRODUCTIVITY,DEVELOPMENT ACTIVITIES,0.95,10
C957,deepseek,deepseek-chat,L1,7,CI IS ASSOCIATED WITH HUMAN CHALLENGES,DEVELOPMENT ACTIVITIES,0.45,10
C958,deepseek,deepseek-chat,L1,7,CI IS ASSOCIATED WITH SOFTWARE DEVELOPMENT BENEFITS,SOFTWARE PROCESS,0.45,8
C959,deepseek,deepseek-chat,L1,7,CI IS RELATED TO POSITIVE IMPACTS ON TEST PRACTICE,QUALITY ASSURANCE,0.85,4
C960,deepseek,deepseek-chat,L1,7,CI IS RELATED TO PRODUCTIVITY AND EFFICIENCY INCREASING,DEVELOPMENT ACTIVITIES,0.45,10
C961,deepseek,deepseek-chat,L1,7,CI IS ASSOCIATED WITH DEFECTS REDUCTION,ISSUES AND DEFECTS,0.85,3
C962,deepseek,deepseek-chat,L1,7,CI IS ASSOCIATED WITH CONFIDENCE IMPROVEMENT,DEVELOPMENT ACTIVITIES,0.85,10
C964,deepseek,deepseek-chat,L1,7,CI IS RELATED TO POSITIVE IMPACTS ON RELEASE CYCLE,SOFTWARE PROCESS,0.85,8
C965,deepseek,deepseek-chat,L1,7,CI IS RELATED TO POSITIVE IMPACTS ON RELEASE CYCLE,SOFTWARE PROCESS,0.85,8
C966,deepseek,deepseek-chat,L1,7,CI IS ASSOCIATED WITH A POSITIVE IMPACT ON INTEGRATION PRACTICE,INTEGRATION PATTERNS,0.85,4
C967,deepseek,deepseek-chat,L1,7,CI IS ASSOCIATED WITH SOFTWARE DEVELOPMENT BENEFITS,SOFTWARE PROCESS,0.45,8
C968,deepseek,deepseek-chat,L1,7,CI IS ASSOCIATED TO MULTI-ENVIRONMENT TESTS,QUALITY ASSURANCE,0.85,4
C969,deepseek,deepseek-chat,L1,7,CI IS RELATED TO POSITIVE IMPACTS ON TEST PRACTICE,QUALITY ASSURANCE,0.85,4
C970,deepseek,deepseek-chat,L1,7,CI IS RELATED TO POSITIVE IMPACTS ON TEST PRACTICE,QUALITY ASSURANCE,0.85,4
C971,deepseek,deepseek-chat,L1,7,CI IS RELATED TO AN INCREASE QUALITY ASSESSMENT,QUALITY ASSURANCE,0.85,4
C972,deepseek,deepseek-chat,L1,7,CI IS RELATED TO PRODUCTIVITY AND EFFICIENCY INCREASING,DEVELOPMENT ACTIVITIES,0.85,10
C973,deepseek,deepseek-chat,L1,7,CI IS ASSOCIATED WITH ORGANIZATIONAL CHALLENGES,DEVELOPMENT ACTIVITIES,0.45,10
C974,deepseek,deepseek-chat,L1,7,CI IS ASSOCIATED WITH DEFECTS REDUCTION,ISSUES AND DEFECTS,0.85,3
C975,deepseek,deepseek-chat,L1,7,CI IS ASSOCIATED WITH CONFIDENCE IMPROVEMENT,DEVELOPMENT ACTIVITIES,0.85,10
C976,deepseek,deepseek-chat,L1,7,CI IS RELATED TO POSITIVE IMPACTS ON RELEASE CYCLE,SOFTWARE PROCESS,0.95,8
C977,deepseek,deepseek-chat,L1,7,CI IS RELATED TO POSITIVE IMPACTS ON PULL REQUESTS LIFE-CYCLE,INTEGRATION PATTERNS,0.95,4
C978,deepseek,deepseek-chat,L1,7,CI IS ASSOCIATED TO MULTI-ENVIRONMENT TESTS,QUALITY ASSURANCE,0.85,4
C979,deepseek,deepseek-chat,L1,7,CI IS RELATED TO POSITIVE IMPACTS ON RELEASE CYCLE,SOFTWARE PROCESS,0.85,8
C980,deepseek,deepseek-chat,L1,7,CI IS ASSOCIATED WITH A POSITIVE IMPACT ON INTEGRATION PRACTICE,INTEGRATION PATTERNS,0.95,4
C981,deepseek,deepseek-chat,L1,7,CI IS ASSOCIATED TO MULTI-ENVIRONMENT TESTS,QUALITY ASSURANCE,0.85,4
C982,deepseek,deepseek-chat,L1,7,CI IS RELATED TO PRODUCTIVITY AND EFFICIENCY INCREASING,DEVELOPMENT ACTIVITIES,0.75,10
C983,deepseek,deepseek-chat,L1,7,CI IS RELATED TO POSITIVE IMPACTS ON PULL REQUESTS LIFE-CYCLE,INTEGRATION PATTERNS,0.85,4
C984,deepseek,deepseek-chat,L1,7,CI IS RELATED TO POSITIVE IMPACTS ON RELEASE CYCLE,SOFTWARE PROCESS,0.85,8
C985,deepseek,deepseek-chat,L1,7,CI IS ASSOCIATED WITH BUILD HEALTH,BUILD PATTERNS,0.85,2
C986,deepseek,deepseek-chat,L1,7,CI IS ASSOCIATED WITH A DECREASING IN BUILD TIME,BUILD PATTERNS,1.0,2
C987,deepseek,deepseek-chat,L1,7,CI IS ASSOCIATED WITH A POSITIVE IMPACT ON INTEGRATION PRACTICE,INTEGRATION PATTERNS,0.85,4
C988,deepseek,deepseek-chat,L1,7,CI IS RELATED TO POSITIVE IMPACTS ON TEST PRACTICE,QUALITY ASSURANCE,0.85,4
C990,deepseek,deepseek-chat,L1,7,CI IS RELATED TO POSITIVE IMPACTS ON PULL REQUESTS LIFE-CYCLE,INTEGRATION PATTERNS,0.45,4
C992,deepseek,deepseek-chat,L1,7,CI IS RELATED TO PRODUCTIVITY AND EFFICIENCY INCREASING,DEVELOPMENT ACTIVITIES,0.85,10
C993,deepseek,deepseek-chat,L1,7,CI IS RELATED TO AN INCREASE QUALITY ASSESSMENT,QUALITY ASSURANCE,0.45,4
C994,deepseek,deepseek-chat,L1,7,CI IS ASSOCIATED WITH DEFECTS REDUCTION,ISSUES AND DEFECTS,0.75,3
C995,deepseek,deepseek-chat,L1,7,CI IS RELATED TO POSITIVE IMPACTS ON TEST PRACTICE,QUALITY ASSURANCE,0.85,4
C996,deepseek,deepseek-chat,L1,7,CI IS ASSOCIATED TO MULTI-ENVIRONMENT TESTS,QUALITY ASSURANCE,0.95,4
C998,deepseek,deepseek-chat,L1,7,CI IS ASSOCIATED WITH AN INCREASE IN COOPERATION,SOFTWARE PROCESS,0.85,8
C999,deepseek,deepseek-chat,L1,7,CI IS ASSOCIATED WITH AN IMPROVEMENT IN PROCESS AUTOMATION,SOFTWARE PROCESS,0.85,8
C1000,deepseek,deepseek-chat,L1,7,CI IS ASSOCIATED WITH CONFIDENCE IMPROVEMENT,DEVELOPMENT ACTIVITIES,0.95,10
C1001,deepseek,deepseek-chat,L1,7,CI MAY GENERATE A FALSE SENSE OF CONFIDENCE,DEVELOPMENT ACTIVITIES,1.0,10
C1002,deepseek,deepseek-chat,L1,7,CI IS ASSOCIATED WITH ADDING EXTRA COMPLEXITY,DEVELOPMENT ACTIVITIES,0.85,10
C1003,deepseek,deepseek-chat,L1,7,CI IS ASSOCIATED WITH ADDING EXTRA COMPLEXITY,DEVELOPMENT ACTIVITIES,0.45,10
C1004,deepseek,deepseek-chat,L1,7,CI IS ASSOCIATED WITH HUMAN CHALLENGES,DEVELOPMENT ACTIVITIES,0.85,10
C1005,deepseek,deepseek-chat,L1,7,CI IS ASSOCIATED WITH DEFECTS REDUCTION,ISSUES AND DEFECTS,0.85,3
C1007,deepseek,deepseek-chat,L1,7,CI IS ASSOCIATED WITH AN INCREASE IN COOPERATION,SOFTWARE PROCESS,0.85,8
C1008,deepseek,deepseek-chat,L1,7,CI IS ASSOCIATED WITH ISSUES REDUCTION,ISSUES AND DEFECTS,0.85,3
C1010,deepseek,deepseek-chat,L1,7,CI IS ASSOCIATED WITH SOFTWARE DEVELOPMENT BENEFITS,SOFTWARE PROCESS,0.45,8
C1012,deepseek,deepseek-chat,L1,7,CI IS ASSOCIATED WITH SOFTWARE DEVELOPMENT BENEFITS,SOFTWARE PROCESS,0.45,8
C1013,deepseek,deepseek-chat,L1,7,CI IS RELATED TO AN INCREASE QUALITY ASSESSMENT,QUALITY ASSURANCE,0.85,4
C1014,deepseek,deepseek-chat,L1,7,CI IS ASSOCIATED WITH A WORKLOAD REDUCTION,DEVELOPMENT ACTIVITIES,0.95,10
C1015,deepseek,deepseek-chat,L1,7,CI IS ASSOCIATED WITH AN IMPROVEMENT IN PROCESS AUTOMATION,SOFTWARE PROCESS,0.85,8
C891,deepseek,deepseek-chat,L1,8,CI IS ASSOCIATED WITH TECHNICAL CHALLENGES,SOFTWARE PROCESS,0.45,8
C892,deepseek,deepseek-chat,L1,8,CI IS ASSOCIATED WITH A COMMIT PATTERN CHANGE,INTEGRATION PATTERNS,0.85,4
C893,deepseek,deepseek-chat,L1,8,CI IS ASSOCIATED WITH A COMMIT PATTERN CHANGE,INTEGRATION PATTERNS,0.85,4
C894,deepseek,deepseek-chat,L1,8,CI IS ASSOCIATED WITH AN IMPROVEMENT IN SATISFACTION,DEVELOPMENT ACTIVITIES,0.95,10
C895,deepseek,deepseek-chat,L1,8,CI IS RELATED TO POSITIVE IMPACTS ON TEST PRACTICE,QUALITY ASSURANCE,0.85,4
C896,deepseek,deepseek-chat,L1,8,CI IS ASSOCIATED WITH TECHNICAL CHALLENGES,SOFTWARE PROCESS,0.85,8
C897,deepseek,deepseek-chat,L1,8,CI IS ASSOCIATED WITH A WORKLOAD REDUCTION,DEVELOPMENT ACTIVITIES,0.85,10
C898,deepseek,deepseek-chat,L1,8,CI IS ASSOCIATED WITH ADDING EXTRA COMPLEXITY,DEVELOPMENT ACTIVITIES,0.95,10
C899,deepseek,deepseek-chat,L1,8,CI IS ASSOCIATED WITH AN INCREASE IN COOPERATION,SOFTWARE PROCESS,0.95,8
C901,deepseek,deepseek-chat,L1,8,CI IS ASSOCIATED WITH DEFECTS REDUCTION,ISSUES AND DEFECTS,0.85,3
C903,deepseek,deepseek-chat,L1,8,CI IS ASSOCIATED WITH BUILD HEALTH,BUILD PATTERNS,0.85,2
C904,deepseek,deepseek-chat,L1,8,CI IS RELATED TO PRODUCTIVITY AND EFFICIENCY INCREASING,DEVELOPMENT ACTIVITIES,0.85,10
C905,deepseek,deepseek-chat,L1,8,CI IS ASSOCIATED WITH TECHNICAL CHALLENGES,SOFTWARE PROCESS,0.85,8
C906,deepseek,deepseek-chat,L1,8,CI IS RELATED TO PRODUCTIVITY AND EFFICIENCY INCREASING,DEVELOPMENT ACTIVITIES,0.95,10
C907,deepseek,deepseek-chat,L1,8,CI IS ASSOCIATED WITH CONFIDENCE IMPROVEMENT,DEVELOPMENT ACTIVITIES,0.95,10
C908,deepseek,deepseek-chat,L1,8,CI IS ASSOCIATED WITH SOFTWARE DEVELOPMENT BENEFITS,SOFTWARE PROCESS,0.85,8
C909,deepseek,deepseek-chat,L1,8,CI IS ASSOCIATED WITH TO FAVOR CONTINUOUS REFACTORING,QUALITY ASSURANCE,0.95,4
C910,deepseek,deepseek-chat,L1,8,CI IS RELATED TO AN INCREASE QUALITY ASSESSMENT,QUALITY ASSURANCE,0.85,4
C911,deepseek,deepseek-chat,L1,8,CI FACILITATES THE TRANSITION TO AGILE,SOFTWARE PROCESS,0.95,8
C912,deepseek,deepseek-chat,L1,8,CI IS ASSOCIATED WITH A FEED BACK FREQUENCY INCREASE,SOFTWARE PROCESS,0.95,8
C913,deepseek,deepseek-chat,L1,8,CI IS ASSOCIATED WITH AN IMPROVEMENT IN PROCESS RELIABILITY,SOFTWARE PROCESS,0.85,8
C914,deepseek,deepseek-chat,L1,8,CI IS RELATED TO POSITIVE IMPACTS ON PULL REQUESTS LIFE-CYCLE,INTEGRATION PATTERNS,0.85,4
C915,deepseek,deepseek-chat,L1,8,CI IS ASSOCIATED WITH BUILD HEALTH,BUILD PATTERNS,0.95,2
C916,deepseek,deepseek-chat,L1,8,CI IS ASSOCIATED WITH BUILD HEALTH,BUILD PATTERNS,0.85,2
C917,deepseek,deepseek-chat,L1,8,CI IS ASSOCIATED WITH DEFECTS REDUCTION,ISSUES AND DEFECTS,0.95,3
C918,deepseek,deepseek-chat,L1,8,CI IS ASSOCIATED WITH A DECREASE IN TIME TO LEAD DEFECTS,ISSUES AND DEFECTS,0.95,3
C919,deepseek,deepseek-chat,L1,8,CI IS ASSOCIATED WITH AN INCREASE IN COOPERATION,SOFTWARE PROCESS,0.85,8
C920,deepseek,deepseek-chat,L1,8,CI IS ASSOCIATED WITH AN INCREASE IN COOPERATION,SOFTWARE PROCESS,0.85,8
C921,deepseek,deepseek-chat,L1,8,CI IS ASSOCIATED WITH AN IMPROVEMENT IN PROCESS RELIABILITY,SOFTWARE PROCESS,0.85,8
C922,deepseek,deepseek-chat,L1,8,CI IS RELATED TO PRODUCTIVITY AND EFFICIENCY INCREASING,DEVELOPMENT ACTIVITIES,0.85,10
C923,deepseek,deepseek-chat,L1,8,CI IS RELATED TO POSITIVE IMPACTS ON TEST PRACTICE,QUALITY ASSURANCE,0.85,4
C924,deepseek,deepseek-chat,L1,8,CI IS RELATED TO POSITIVE IMPACTS ON TEST PRACTICE,QUALITY ASSURANCE,0.75,4
C925,deepseek,deepseek-chat,L1,8,CI IS RELATED TO AN INCREASE QUALITY ASSESSMENT,QUALITY ASSURANCE,0.65,4
C926,deepseek,deepseek-chat,L1,8,CI IS RELATED TO POSITIVE IMPACTS ON RELEASE CYCLE,SOFTWARE PROCESS,0.85,8
C927,deepseek,deepseek-chat,L1,8,CI IS ASSOCIATED TO MULTI-ENVIRONMENT TESTS,QUALITY ASSURANCE,0.95,4
C928,deepseek,deepseek-chat,L1,8,CI IS ASSOCIATED WITH CONFIDENCE IMPROVEMENT,DEVELOPMENT ACTIVITIES,0.95,10
C930,deepseek,deepseek-chat,L1,8,CI IS ASSOCIATED WITH TECHNICAL CHALLENGES,SOFTWARE PROCESS,0.85,8
C931,deepseek,deepseek-chat,L1,8,CI MAY GENERATE A FALSE SENSE OF CONFIDENCE,DEVELOPMENT ACTIVITIES,1.0,10
C932,deepseek,deepseek-chat,L1,8,CI IS ASSOCIATED WITH HUMAN CHALLENGES,DEVELOPMENT ACTIVITIES,0.85,10
C933,deepseek,deepseek-chat,L1,8,CI IS ASSOCIATED WITH ADDING EXTRA COMPLEXITY,DEVELOPMENT ACTIVITIES,0.85,10
C934,deepseek,deepseek-chat,L1,8,CI IS ASSOCIATED WITH AN IMPROVEMENT IN PROCESS AUTOMATION,SOFTWARE PROCESS,0.95,8
C936,deepseek,deepseek-chat,L1,8,CI IS RELATED TO PRODUCTIVITY AND EFFICIENCY INCREASING,DEVELOPMENT ACTIVITIES,0.95,10
C937,deepseek,deepseek-chat,L1,8,CI IS ASSOCIATED WITH A DECREASE IN TIME TO LEAD DEFECTS,ISSUES AND DEFECTS,0.85,3
C938,deepseek,deepseek-chat,L1,8,CI IS RELATED TO POSITIVE IMPACTS ON RELEASE CYCLE,SOFTWARE PROCESS,0.95,8
C939,deepseek,deepseek-chat,L1,8,CI IS RELATED TO AN INCREASE QUALITY ASSESSMENT,QUALITY ASSURANCE,0.65,4
C940,deepseek,deepseek-chat,L1,8,CI IS RELATED TO POSITIVE IMPACTS ON PULL REQUESTS LIFE-CYCLE,INTEGRATION PATTERNS,0.85,4
C941,deepseek,deepseek-chat,L1,8,CI IS RELATED TO PRODUCTIVITY AND EFFICIENCY INCREASING,DEVELOPMENT ACTIVITIES,0.95,10
C943,deepseek,deepseek-chat,L1,8,CI IS ASSOCIATED WITH DEFECTS REDUCTION,ISSUES AND DEFECTS,0.85,3
C944,deepseek,deepseek-chat,L1,8,CI IS RELATED TO POSITIVE IMPACTS ON PULL REQUESTS LIFE-CYCLE,INTEGRATION PATTERNS,0.85,4
C945,deepseek,deepseek-chat,L1,8,CI IS RELATED TO NEGATIVE IMPACTS ON PULL REQUESTS LIFE-CYCLE,INTEGRATION PATTERNS,0.85,4
C946,deepseek,deepseek-chat,L1,8,CI IS RELATED TO NEGATIVE IMPACTS ON PULL REQUESTS LIFE-CYCLE,INTEGRATION PATTERNS,0.95,4
C947,deepseek,deepseek-chat,L1,8,CI IS RELATED TO POSITIVE IMPACTS ON PULL REQUESTS LIFE-CYCLE,INTEGRATION PATTERNS,0.85,4
C948,deepseek,deepseek-chat,L1,8,CI IS RELATED TO POSITIVE IMPACTS ON PULL REQUESTS LIFE-CYCLE,INTEGRATION PATTERNS,0.85,4
C949,deepseek,deepseek-chat,L1,8,CI IS ASSOCIATED WITH AN INCREASE IN COOPERATION,SOFTWARE PROCESS,0.85,8
C950,deepseek,deepseek-chat,L1,8,CI IS ASSOCIATED WITH A COMMIT PATTERN CHANGE,INTEGRATION PATTERNS,0.85,4
C951,deepseek,deepseek-chat,L1,8,CI IS ASSOCIATED WITH A COMMIT PATTERN CHANGE,INTEGRATION PATTERNS,0.85,4
C952,deepseek,deepseek-chat,L1,8,CI IS RELATED TO NEGATIVE IMPACTS ON PULL REQUESTS LIFE-CYCLE,INTEGRATION PATTERNS,0.85,4
C953,deepseek,deepseek-chat,L1,8,CI IS ASSOCIATED WITH ISSUES REDUCTION,ISSUES AND DEFECTS,0.85,3
C954,deepseek,deepseek-chat,L1,8,CI IS RELATED TO POSITIVE IMPACTS ON TEST PRACTICE,QUALITY ASSURANCE,0.85,4
C955,deepseek,deepseek-chat,L1,8,CI IS ASSOCIATED WITH A DECREASE IN MAGNETISM AND RETENTION,DEVELOPMENT ACTIVITIES,1.0,10
C956,deepseek,deepseek-chat,L1,8,CI IS ASSOCIATED WITH A DECREASED PERCEPTION OF PRODUCTIVITY,DEVELOPMENT ACTIVITIES,0.95,10
C957,deepseek,deepseek-chat,L1,8,CI IS ASSOCIATED WITH HUMAN CHALLENGES,DEVELOPMENT ACTIVITIES,0.45,10
C958,deepseek,deepseek-chat,L1,8,CI IS ASSOCIATED WITH SOFTWARE DEVELOPMENT BENEFITS,SOFTWARE PROCESS,0.4,8
C959,deepseek,deepseek-chat,L1,8,CI IS RELATED TO POSITIVE IMPACTS ON TEST PRACTICE,QUALITY ASSURANCE,0.85,4
C960,deepseek,deepseek-chat,L1,8,CI IS RELATED TO PRODUCTIVITY AND EFFICIENCY INCREASING,DEVELOPMENT ACTIVITIES,0.3,10
C961,deepseek,deepseek-chat,L1,8,CI IS ASSOCIATED WITH DEFECTS REDUCTION,ISSUES AND DEFECTS,0.85,3
C962,deepseek,deepseek-chat,L1,8,CI IS ASSOCIATED WITH CONFIDENCE IMPROVEMENT,DEVELOPMENT ACTIVITIES,0.85,10
C964,deepseek,deepseek-chat,L1,8,CI IS RELATED TO POSITIVE IMPACTS ON RELEASE CYCLE,SOFTWARE PROCESS,0.95,8
C965,deepseek,deepseek-chat,L1,8,CI IS RELATED TO POSITIVE IMPACTS ON RELEASE CYCLE,SOFTWARE PROCESS,0.85,8
C966,deepseek,deepseek-chat,L1,8,CI IS ASSOCIATED WITH A POSITIVE IMPACT ON INTEGRATION PRACTICE,INTEGRATION PATTERNS,0.85,4
C967,deepseek,deepseek-chat,L1,8,CI IS ASSOCIATED WITH SOFTWARE DEVELOPMENT BENEFITS,SOFTWARE PROCESS,0.45,8
C968,deepseek,deepseek-chat,L1,8,CI IS ASSOCIATED TO MULTI-ENVIRONMENT TESTS,QUALITY ASSURANCE,0.85,4
C969,deepseek,deepseek-chat,L1,8,CI IS RELATED TO POSITIVE IMPACTS ON TEST PRACTICE,QUALITY ASSURANCE,0.85,4
C970,deepseek,deepseek-chat,L1,8,CI IS RELATED TO POSITIVE IMPACTS ON TEST PRACTICE,QUALITY ASSURANCE,0.85,4
C971,deepseek,deepseek-chat,L1,8,CI IS RELATED TO AN INCREASE QUALITY ASSESSMENT,QUALITY ASSURANCE,0.85,4
C972,deepseek,deepseek-chat,L1,8,CI IS RELATED TO PRODUCTIVITY AND EFFICIENCY INCREASING,DEVELOPMENT ACTIVITIES,0.85,10
C973,deepseek,deepseek-chat,L1,8,CI IS ASSOCIATED WITH ORGANIZATIONAL CHALLENGES,DEVELOPMENT ACTIVITIES,0.45,10
C974,deepseek,deepseek-chat,L1,8,CI IS ASSOCIATED WITH DEFECTS REDUCTION,ISSUES AND DEFECTS,0.85,3
C975,deepseek,deepseek-chat,L1,8,CI IS ASSOCIATED WITH CONFIDENCE IMPROVEMENT,DEVELOPMENT ACTIVITIES,0.85,10
C976,deepseek,deepseek-chat,L1,8,CI IS RELATED TO POSITIVE IMPACTS ON RELEASE CYCLE,SOFTWARE PROCESS,0.95,8
C977,deepseek,deepseek-chat,L1,8,CI IS RELATED TO POSITIVE IMPACTS ON PULL REQUESTS LIFE-CYCLE,INTEGRATION PATTERNS,0.95,4
C978,deepseek,deepseek-chat,L1,8,CI IS ASSOCIATED TO MULTI-ENVIRONMENT TESTS,QUALITY ASSURANCE,0.85,4
C979,deepseek,deepseek-chat,L1,8,CI IS RELATED TO POSITIVE IMPACTS ON RELEASE CYCLE,SOFTWARE PROCESS,0.85,8
C980,deepseek,deepseek-chat,L1,8,CI IS ASSOCIATED WITH A POSITIVE IMPACT ON INTEGRATION PRACTICE,INTEGRATION PATTERNS,0.95,4
C981,deepseek,deepseek-chat,L1,8,CI IS ASSOCIATED TO MULTI-ENVIRONMENT TESTS,QUALITY ASSURANCE,0.85,4
C982,deepseek,deepseek-chat,L1,8,CI IS RELATED TO PRODUCTIVITY AND EFFICIENCY INCREASING,DEVELOPMENT ACTIVITIES,0.75,10
C983,deepseek,deepseek-chat,L1,8,CI IS RELATED TO POSITIVE IMPACTS ON PULL REQUESTS LIFE-CYCLE,INTEGRATION PATTERNS,0.85,4
C984,deepseek,deepseek-chat,L1,8,CI IS RELATED TO POSITIVE IMPACTS ON RELEASE CYCLE,SOFTWARE PROCESS,0.85,8
C985,deepseek,deepseek-chat,L1,8,CI IS ASSOCIATED WITH BUILD HEALTH,BUILD PATTERNS,0.85,2
C986,deepseek,deepseek-chat,L1,8,CI IS ASSOCIATED WITH A DECREASING IN BUILD TIME,BUILD PATTERNS,1.0,2
C987,deepseek,deepseek-chat,L1,8,CI IS ASSOCIATED WITH A POSITIVE IMPACT ON INTEGRATION PRACTICE,INTEGRATION PATTERNS,0.85,4
C988,deepseek,deepseek-chat,L1,8,CI IS RELATED TO POSITIVE IMPACTS ON TEST PRACTICE,QUALITY ASSURANCE,0.85,4
C990,deepseek,deepseek-chat,L1,8,CI IS RELATED TO POSITIVE IMPACTS ON PULL REQUESTS LIFE-CYCLE,INTEGRATION PATTERNS,0.45,4
C992,deepseek,deepseek-chat,L1,8,CI IS RELATED TO PRODUCTIVITY AND EFFICIENCY INCREASING,DEVELOPMENT ACTIVITIES,0.85,10
C993,deepseek,deepseek-chat,L1,8,CI IS RELATED TO AN INCREASE QUALITY ASSESSMENT,QUALITY ASSURANCE,0.45,4
C994,deepseek,deepseek-chat,L1,8,CI IS ASSOCIATED WITH DEFECTS REDUCTION,ISSUES AND DEFECTS,0.75,3
C995,deepseek,deepseek-chat,L1,8,CI IS RELATED TO POSITIVE IMPACTS ON TEST PRACTICE,QUALITY ASSURANCE,0.85,4
C996,deepseek,deepseek-chat,L1,8,CI IS ASSOCIATED TO MULTI-ENVIRONMENT TESTS,QUALITY ASSURANCE,0.95,4
C998,deepseek,deepseek-chat,L1,8,CI IS ASSOCIATED WITH AN INCREASE IN COOPERATION,SOFTWARE PROCESS,0.85,8
C999,deepseek,deepseek-chat,L1,8,CI IS ASSOCIATED WITH AN IMPROVEMENT IN PROCESS AUTOMATION,SOFTWARE PROCESS,0.85,8
C1000,deepseek,deepseek-chat,L1,8,CI IS ASSOCIATED WITH CONFIDENCE IMPROVEMENT,DEVELOPMENT ACTIVITIES,0.95,10
C1001,deepseek,deepseek-chat,L1,8,CI MAY GENERATE A FALSE SENSE OF CONFIDENCE,DEVELOPMENT ACTIVITIES,1.0,10
C1002,deepseek,deepseek-chat,L1,8,CI IS ASSOCIATED WITH ADDING EXTRA COMPLEXITY,DEVELOPMENT ACTIVITIES,0.85,10
C1003,deepseek,deepseek-chat,L1,8,CI IS ASSOCIATED WITH ADDING EXTRA COMPLEXITY,DEVELOPMENT ACTIVITIES,0.45,10
C1004,deepseek,deepseek-chat,L1,8,CI IS ASSOCIATED WITH HUMAN CHALLENGES,DEVELOPMENT ACTIVITIES,0.85,10
C1005,deepseek,deepseek-chat,L1,8,CI IS ASSOCIATED WITH DEFECTS REDUCTION,ISSUES AND DEFECTS,0.85,3
C1007,deepseek,deepseek-chat,L1,8,CI IS ASSOCIATED WITH AN INCREASE IN COOPERATION,SOFTWARE PROCESS,0.85,8
C1008,deepseek,deepseek-chat,L1,8,CI IS ASSOCIATED WITH ISSUES REDUCTION,ISSUES AND DEFECTS,0.75,3
C1010,deepseek,deepseek-chat,L1,8,CI IS ASSOCIATED WITH SOFTWARE DEVELOPMENT BENEFITS,SOFTWARE PROCESS,0.75,8
C1012,deepseek,deepseek-chat,L1,8,CI IS ASSOCIATED WITH SOFTWARE DEVELOPMENT BENEFITS,SOFTWARE PROCESS,0.45,8
C1013,deepseek,deepseek-chat,L1,8,CI IS RELATED TO AN INCREASE QUALITY ASSESSMENT,QUALITY ASSURANCE,0.85,4
C1014,deepseek,deepseek-chat,L1,8,CI IS ASSOCIATED WITH A WORKLOAD REDUCTION,DEVELOPMENT ACTIVITIES,0.95,10
C1015,deepseek,deepseek-chat,L1,8,CI IS ASSOCIATED WITH AN IMPROVEMENT IN PROCESS AUTOMATION,SOFTWARE PROCESS,0.85,8
C891,deepseek,deepseek-chat,L1,9,CI IS ASSOCIATED WITH TECHNICAL CHALLENGES,SOFTWARE PROCESS,0.45,8
C892,deepseek,deepseek-chat,L1,9,CI IS ASSOCIATED WITH A COMMIT PATTERN CHANGE,INTEGRATION PATTERNS,0.85,4
C893,deepseek,deepseek-chat,L1,9,CI IS ASSOCIATED WITH A COMMIT PATTERN CHANGE,INTEGRATION PATTERNS,0.85,4
C894,deepseek,deepseek-chat,L1,9,CI IS ASSOCIATED WITH AN IMPROVEMENT IN SATISFACTION,DEVELOPMENT ACTIVITIES,0.95,10
C895,deepseek,deepseek-chat,L1,9,CI IS RELATED TO POSITIVE IMPACTS ON TEST PRACTICE,QUALITY ASSURANCE,0.85,4
C896,deepseek,deepseek-chat,L1,9,CI IS ASSOCIATED WITH TECHNICAL CHALLENGES,SOFTWARE PROCESS,0.85,8
C897,deepseek,deepseek-chat,L1,9,CI IS ASSOCIATED WITH A WORKLOAD REDUCTION,DEVELOPMENT ACTIVITIES,0.85,10
C898,deepseek,deepseek-chat,L1,9,CI IS ASSOCIATED WITH ADDING EXTRA COMPLEXITY,DEVELOPMENT ACTIVITIES,0.95,10
C899,deepseek,deepseek-chat,L1,9,CI IS ASSOCIATED WITH AN INCREASE IN COOPERATION,SOFTWARE PROCESS,0.95,8
C901,deepseek,deepseek-chat,L1,9,CI IS ASSOCIATED WITH DEFECTS REDUCTION,ISSUES AND DEFECTS,0.85,3
C903,deepseek,deepseek-chat,L1,9,CI IS ASSOCIATED WITH BUILD HEALTH,BUILD PATTERNS,0.85,2
C904,deepseek,deepseek-chat,L1,9,CI IS RELATED TO PRODUCTIVITY AND EFFICIENCY INCREASING,DEVELOPMENT ACTIVITIES,0.85,10
C905,deepseek,deepseek-chat,L1,9,CI IS ASSOCIATED WITH TECHNICAL CHALLENGES,SOFTWARE PROCESS,0.85,8
C906,deepseek,deepseek-chat,L1,9,CI IS RELATED TO PRODUCTIVITY AND EFFICIENCY INCREASING,DEVELOPMENT ACTIVITIES,0.95,10
C907,deepseek,deepseek-chat,L1,9,CI IS ASSOCIATED WITH CONFIDENCE IMPROVEMENT,DEVELOPMENT ACTIVITIES,0.95,10
C908,deepseek,deepseek-chat,L1,9,CI IS ASSOCIATED WITH SOFTWARE DEVELOPMENT BENEFITS,SOFTWARE PROCESS,0.85,8
C909,deepseek,deepseek-chat,L1,9,CI IS ASSOCIATED WITH TO FAVOR CONTINUOUS REFACTORING,QUALITY ASSURANCE,0.95,4
C910,deepseek,deepseek-chat,L1,9,CI IS RELATED TO AN INCREASE QUALITY ASSESSMENT,QUALITY ASSURANCE,0.85,4
C911,deepseek,deepseek-chat,L1,9,CI FACILITATES THE TRANSITION TO AGILE,SOFTWARE PROCESS,0.95,8
C912,deepseek,deepseek-chat,L1,9,CI IS ASSOCIATED WITH A FEED BACK FREQUENCY INCREASE,SOFTWARE PROCESS,0.95,8
C913,deepseek,deepseek-chat,L1,9,CI IS ASSOCIATED WITH AN IMPROVEMENT IN PROCESS RELIABILITY,SOFTWARE PROCESS,0.85,8
C914,deepseek,deepseek-chat,L1,9,CI IS RELATED TO POSITIVE IMPACTS ON PULL REQUESTS LIFE-CYCLE,INTEGRATION PATTERNS,0.85,4
C915,deepseek,deepseek-chat,L1,9,CI IS ASSOCIATED WITH BUILD HEALTH,BUILD PATTERNS,0.95,2
C916,deepseek,deepseek-chat,L1,9,CI IS ASSOCIATED WITH BUILD HEALTH,BUILD PATTERNS,0.85,2
C917,deepseek,deepseek-chat,L1,9,CI IS ASSOCIATED WITH DEFECTS REDUCTION,ISSUES AND DEFECTS,0.95,3
C918,deepseek,deepseek-chat,L1,9,CI IS ASSOCIATED WITH A DECREASE IN TIME TO LEAD DEFECTS,ISSUES AND DEFECTS,0.95,3
C919,deepseek,deepseek-chat,L1,9,CI IS ASSOCIATED WITH AN INCREASE IN COOPERATION,SOFTWARE PROCESS,0.85,8
C920,deepseek,deepseek-chat,L1,9,CI IS ASSOCIATED WITH AN INCREASE IN COOPERATION,SOFTWARE PROCESS,0.85,8
C921,deepseek,deepseek-chat,L1,9,CI IS ASSOCIATED WITH AN IMPROVEMENT IN PROCESS RELIABILITY,SOFTWARE PROCESS,0.85,8
C922,deepseek,deepseek-chat,L1,9,CI IS RELATED TO PRODUCTIVITY AND EFFICIENCY INCREASING,DEVELOPMENT ACTIVITIES,0.95,10
C923,deepseek,deepseek-chat,L1,9,CI IS RELATED TO POSITIVE IMPACTS ON TEST PRACTICE,QUALITY ASSURANCE,0.85,4
C924,deepseek,deepseek-chat,L1,9,CI IS RELATED TO POSITIVE IMPACTS ON TEST PRACTICE,QUALITY ASSURANCE,0.75,4
C925,deepseek,deepseek-chat,L1,9,CI IS RELATED TO AN INCREASE QUALITY ASSESSMENT,QUALITY ASSURANCE,0.75,4
C926,deepseek,deepseek-chat,L1,9,CI IS RELATED TO POSITIVE IMPACTS ON RELEASE CYCLE,SOFTWARE PROCESS,0.85,8
C927,deepseek,deepseek-chat,L1,9,CI IS ASSOCIATED TO MULTI-ENVIRONMENT TESTS,QUALITY ASSURANCE,0.95,4
C928,deepseek,deepseek-chat,L1,9,CI IS ASSOCIATED WITH CONFIDENCE IMPROVEMENT,DEVELOPMENT ACTIVITIES,0.95,10
C930,deepseek,deepseek-chat,L1,9,CI IS ASSOCIATED WITH TECHNICAL CHALLENGES,SOFTWARE PROCESS,0.85,8
C931,deepseek,deepseek-chat,L1,9,CI MAY GENERATE A FALSE SENSE OF CONFIDENCE,DEVELOPMENT ACTIVITIES,1.0,10
C932,deepseek,deepseek-chat,L1,9,CI IS ASSOCIATED WITH HUMAN CHALLENGES,DEVELOPMENT ACTIVITIES,0.85,10
C933,deepseek,deepseek-chat,L1,9,CI IS ASSOCIATED WITH ADDING EXTRA COMPLEXITY,DEVELOPMENT ACTIVITIES,0.85,10
C934,deepseek,deepseek-chat,L1,9,CI IS ASSOCIATED WITH AN IMPROVEMENT IN PROCESS AUTOMATION,SOFTWARE PROCESS,0.95,8
C936,deepseek,deepseek-chat,L1,9,CI IS RELATED TO PRODUCTIVITY AND EFFICIENCY INCREASING,DEVELOPMENT ACTIVITIES,0.95,10
C937,deepseek,deepseek-chat,L1,9,CI IS ASSOCIATED WITH A DECREASE IN TIME TO LEAD DEFECTS,ISSUES AND DEFECTS,0.85,3
C938,deepseek,deepseek-chat,L1,9,CI IS RELATED TO POSITIVE IMPACTS ON RELEASE CYCLE,SOFTWARE PROCESS,0.95,8
C939,deepseek,deepseek-chat,L1,9,CI IS RELATED TO AN INCREASE QUALITY ASSESSMENT,QUALITY ASSURANCE,0.75,4
C940,deepseek,deepseek-chat,L1,9,CI IS RELATED TO POSITIVE IMPACTS ON PULL REQUESTS LIFE-CYCLE,INTEGRATION PATTERNS,0.85,4
C941,deepseek,deepseek-chat,L1,9,CI IS RELATED TO PRODUCTIVITY AND EFFICIENCY INCREASING,DEVELOPMENT ACTIVITIES,0.95,10
C943,deepseek,deepseek-chat,L1,9,CI IS ASSOCIATED WITH DEFECTS REDUCTION,ISSUES AND DEFECTS,0.85,3
C944,deepseek,deepseek-chat,L1,9,CI IS RELATED TO POSITIVE IMPACTS ON PULL REQUESTS LIFE-CYCLE,INTEGRATION PATTERNS,0.85,4
C945,deepseek,deepseek-chat,L1,9,CI IS RELATED TO NEGATIVE IMPACTS ON PULL REQUESTS LIFE-CYCLE,INTEGRATION PATTERNS,0.85,4
C946,deepseek,deepseek-chat,L1,9,CI IS RELATED TO NEGATIVE IMPACTS ON PULL REQUESTS LIFE-CYCLE,INTEGRATION PATTERNS,0.95,4
C947,deepseek,deepseek-chat,L1,9,CI IS RELATED TO POSITIVE IMPACTS ON PULL REQUESTS LIFE-CYCLE,INTEGRATION PATTERNS,0.85,4
C948,deepseek,deepseek-chat,L1,9,CI IS RELATED TO POSITIVE IMPACTS ON PULL REQUESTS LIFE-CYCLE,INTEGRATION PATTERNS,0.85,4
C949,deepseek,deepseek-chat,L1,9,CI IS ASSOCIATED WITH AN INCREASE IN COOPERATION,SOFTWARE PROCESS,0.85,8
C950,deepseek,deepseek-chat,L1,9,CI IS ASSOCIATED WITH A COMMIT PATTERN CHANGE,INTEGRATION PATTERNS,0.85,4
C951,deepseek,deepseek-chat,L1,9,CI IS ASSOCIATED WITH A COMMIT PATTERN CHANGE,INTEGRATION PATTERNS,0.85,4
C952,deepseek,deepseek-chat,L1,9,CI IS RELATED TO NEGATIVE IMPACTS ON PULL REQUESTS LIFE-CYCLE,INTEGRATION PATTERNS,0.85,4
C953,deepseek,deepseek-chat,L1,9,CI IS ASSOCIATED WITH ISSUES REDUCTION,ISSUES AND DEFECTS,0.85,3
C954,deepseek,deepseek-chat,L1,9,CI IS RELATED TO POSITIVE IMPACTS ON TEST PRACTICE,QUALITY ASSURANCE,0.85,4
C955,deepseek,deepseek-chat,L1,9,CI IS ASSOCIATED WITH A DECREASE IN MAGNETISM AND RETENTION,DEVELOPMENT ACTIVITIES,1.0,10
C956,deepseek,deepseek-chat,L1,9,CI IS ASSOCIATED WITH A DECREASED PERCEPTION OF PRODUCTIVITY,DEVELOPMENT ACTIVITIES,0.95,10
C957,deepseek,deepseek-chat,L1,9,CI IS ASSOCIATED WITH HUMAN CHALLENGES,DEVELOPMENT ACTIVITIES,0.45,10
C958,deepseek,deepseek-chat,L1,9,CI IS ASSOCIATED WITH SOFTWARE DEVELOPMENT BENEFITS,SOFTWARE PROCESS,0.4,8
C959,deepseek,deepseek-chat,L1,9,CI IS RELATED TO POSITIVE IMPACTS ON TEST PRACTICE,QUALITY ASSURANCE,0.85,4
C960,deepseek,deepseek-chat,L1,9,CI IS RELATED TO PRODUCTIVITY AND EFFICIENCY INCREASING,DEVELOPMENT ACTIVITIES,0.3,10
C961,deepseek,deepseek-chat,L1,9,CI IS ASSOCIATED WITH DEFECTS REDUCTION,ISSUES AND DEFECTS,0.85,3
C962,deepseek,deepseek-chat,L1,9,CI IS ASSOCIATED WITH CONFIDENCE IMPROVEMENT,DEVELOPMENT ACTIVITIES,0.85,10
C964,deepseek,deepseek-chat,L1,9,CI IS RELATED TO POSITIVE IMPACTS ON RELEASE CYCLE,SOFTWARE PROCESS,0.95,8
C965,deepseek,deepseek-chat,L1,9,CI IS RELATED TO POSITIVE IMPACTS ON RELEASE CYCLE,SOFTWARE PROCESS,0.85,8
C966,deepseek,deepseek-chat,L1,9,CI IS ASSOCIATED WITH A POSITIVE IMPACT ON INTEGRATION PRACTICE,INTEGRATION PATTERNS,0.85,4
C967,deepseek,deepseek-chat,L1,9,CI IS ASSOCIATED WITH SOFTWARE DEVELOPMENT BENEFITS,SOFTWARE PROCESS,0.45,8
C968,deepseek,deepseek-chat,L1,9,CI IS ASSOCIATED TO MULTI-ENVIRONMENT TESTS,QUALITY ASSURANCE,0.85,4
C969,deepseek,deepseek-chat,L1,9,CI IS RELATED TO POSITIVE IMPACTS ON TEST PRACTICE,QUALITY ASSURANCE,0.85,4
C970,deepseek,deepseek-chat,L1,9,CI IS RELATED TO POSITIVE IMPACTS ON TEST PRACTICE,QUALITY ASSURANCE,0.85,4
C971,deepseek,deepseek-chat,L1,9,CI IS RELATED TO AN INCREASE QUALITY ASSESSMENT,QUALITY ASSURANCE,0.85,4
C972,deepseek,deepseek-chat,L1,9,CI IS RELATED TO PRODUCTIVITY AND EFFICIENCY INCREASING,DEVELOPMENT ACTIVITIES,0.85,10
C973,deepseek,deepseek-chat,L1,9,CI IS ASSOCIATED WITH ORGANIZATIONAL CHALLENGES,DEVELOPMENT ACTIVITIES,0.45,10
C974,deepseek,deepseek-chat,L1,9,CI IS ASSOCIATED WITH DEFECTS REDUCTION,ISSUES AND DEFECTS,0.85,3
C975,deepseek,deepseek-chat,L1,9,CI IS ASSOCIATED WITH CONFIDENCE IMPROVEMENT,DEVELOPMENT ACTIVITIES,0.85,10
C976,deepseek,deepseek-chat,L1,9,CI IS RELATED TO POSITIVE IMPACTS ON RELEASE CYCLE,SOFTWARE PROCESS,0.95,8
C977,deepseek,deepseek-chat,L1,9,CI IS RELATED TO POSITIVE IMPACTS ON PULL REQUESTS LIFE-CYCLE,INTEGRATION PATTERNS,0.95,4
C978,deepseek,deepseek-chat,L1,9,CI IS ASSOCIATED TO MULTI-ENVIRONMENT TESTS,QUALITY ASSURANCE,0.85,4
C979,deepseek,deepseek-chat,L1,9,CI IS RELATED TO POSITIVE IMPACTS ON RELEASE CYCLE,SOFTWARE PROCESS,0.85,8
C980,deepseek,deepseek-chat,L1,9,CI IS ASSOCIATED WITH A POSITIVE IMPACT ON INTEGRATION PRACTICE,INTEGRATION PATTERNS,0.85,4
C981,deepseek,deepseek-chat,L1,9,CI IS ASSOCIATED TO MULTI-ENVIRONMENT TESTS,QUALITY ASSURANCE,0.85,4
C982,deepseek,deepseek-chat,L1,9,CI IS RELATED TO PRODUCTIVITY AND EFFICIENCY INCREASING,DEVELOPMENT ACTIVITIES,0.75,10
C983,deepseek,deepseek-chat,L1,9,CI IS RELATED TO POSITIVE IMPACTS ON PULL REQUESTS LIFE-CYCLE,INTEGRATION PATTERNS,0.85,4
C984,deepseek,deepseek-chat,L1,9,CI IS RELATED TO POSITIVE IMPACTS ON RELEASE CYCLE,SOFTWARE PROCESS,0.85,8
C985,deepseek,deepseek-chat,L1,9,CI IS ASSOCIATED WITH BUILD HEALTH,BUILD PATTERNS,0.85,2
C986,deepseek,deepseek-chat,L1,9,CI IS ASSOCIATED WITH A DECREASING IN BUILD TIME,BUILD PATTERNS,1.0,2
C987,deepseek,deepseek-chat,L1,9,CI IS ASSOCIATED WITH A POSITIVE IMPACT ON INTEGRATION PRACTICE,INTEGRATION PATTERNS,0.85,4
C988,deepseek,deepseek-chat,L1,9,CI IS RELATED TO POSITIVE IMPACTS ON TEST PRACTICE,QUALITY ASSURANCE,0.85,4
C990,deepseek,deepseek-chat,L1,9,CI IS RELATED TO POSITIVE IMPACTS ON PULL REQUESTS LIFE-CYCLE,INTEGRATION PATTERNS,0.45,4
C992,deepseek,deepseek-chat,L1,9,CI IS RELATED TO PRODUCTIVITY AND EFFICIENCY INCREASING,DEVELOPMENT ACTIVITIES,0.85,10
C993,deepseek,deepseek-chat,L1,9,CI IS RELATED TO AN INCREASE QUALITY ASSESSMENT,QUALITY ASSURANCE,0.45,4
C994,deepseek,deepseek-chat,L1,9,CI IS ASSOCIATED WITH DEFECTS REDUCTION,ISSUES AND DEFECTS,0.75,3
C995,deepseek,deepseek-chat,L1,9,CI IS RELATED TO POSITIVE IMPACTS ON TEST PRACTICE,QUALITY ASSURANCE,0.85,4
C996,deepseek,deepseek-chat,L1,9,CI IS ASSOCIATED TO MULTI-ENVIRONMENT TESTS,QUALITY ASSURANCE,0.95,4
C998,deepseek,deepseek-chat,L1,9,CI IS ASSOCIATED WITH AN INCREASE IN COOPERATION,SOFTWARE PROCESS,0.85,8
C999,deepseek,deepseek-chat,L1,9,CI IS ASSOCIATED WITH AN IMPROVEMENT IN PROCESS AUTOMATION,SOFTWARE PROCESS,0.85,8
C1000,deepseek,deepseek-chat,L1,9,CI IS ASSOCIATED WITH CONFIDENCE IMPROVEMENT,DEVELOPMENT ACTIVITIES,0.95,10
C1001,deepseek,deepseek-chat,L1,9,CI MAY GENERATE A FALSE SENSE OF CONFIDENCE,DEVELOPMENT ACTIVITIES,1.0,10
C1002,deepseek,deepseek-chat,L1,9,CI IS ASSOCIATED WITH ADDING EXTRA COMPLEXITY,DEVELOPMENT ACTIVITIES,0.85,10
C1003,deepseek,deepseek-chat,L1,9,CI IS ASSOCIATED WITH ADDING EXTRA COMPLEXITY,DEVELOPMENT ACTIVITIES,0.45,10
C1004,deepseek,deepseek-chat,L1,9,CI IS ASSOCIATED WITH HUMAN CHALLENGES,DEVELOPMENT ACTIVITIES,0.85,10
C1005,deepseek,deepseek-chat,L1,9,CI IS ASSOCIATED WITH DEFECTS REDUCTION,ISSUES AND DEFECTS,0.85,3
C1007,deepseek,deepseek-chat,L1,9,CI IS ASSOCIATED WITH AN INCREASE IN COOPERATION,SOFTWARE PROCESS,0.85,8
C1008,deepseek,deepseek-chat,L1,9,CI IS ASSOCIATED WITH ISSUES REDUCTION,ISSUES AND DEFECTS,0.85,3
C1010,deepseek,deepseek-chat,L1,9,CI IS ASSOCIATED WITH SOFTWARE DEVELOPMENT BENEFITS,SOFTWARE PROCESS,0.75,8
C1012,deepseek,deepseek-chat,L1,9,CI IS ASSOCIATED WITH SOFTWARE DEVELOPMENT BENEFITS,SOFTWARE PROCESS,0.45,8
C1013,deepseek,deepseek-chat,L1,9,CI IS RELATED TO AN INCREASE QUALITY ASSESSMENT,QUALITY ASSURANCE,0.85,4
C1014,deepseek,deepseek-chat,L1,9,CI IS ASSOCIATED WITH A WORKLOAD REDUCTION,DEVELOPMENT ACTIVITIES,0.95,10
C1015,deepseek,deepseek-chat,L1,9,CI IS ASSOCIATED WITH AN IMPROVEMENT IN PROCESS AUTOMATION,SOFTWARE PROCESS,0.85,8
C891,deepseek,deepseek-chat,L1,10,CI IS ASSOCIATED WITH TECHNICAL CHALLENGES,SOFTWARE PROCESS,0.45,8
C892,deepseek,deepseek-chat,L1,10,CI IS ASSOCIATED WITH A COMMIT PATTERN CHANGE,INTEGRATION PATTERNS,0.85,4
C893,deepseek,deepseek-chat,L1,10,CI IS ASSOCIATED WITH A COMMIT PATTERN CHANGE,INTEGRATION PATTERNS,0.85,4
C894,deepseek,deepseek-chat,L1,10,CI IS ASSOCIATED WITH AN IMPROVEMENT IN SATISFACTION,DEVELOPMENT ACTIVITIES,0.95,10
C895,deepseek,deepseek-chat,L1,10,CI IS RELATED TO POSITIVE IMPACTS ON TEST PRACTICE,QUALITY ASSURANCE,0.85,4
C896,deepseek,deepseek-chat,L1,10,CI IS ASSOCIATED WITH TECHNICAL CHALLENGES,SOFTWARE PROCESS,0.85,8
C897,deepseek,deepseek-chat,L1,10,CI IS ASSOCIATED WITH A WORKLOAD REDUCTION,DEVELOPMENT ACTIVITIES,0.85,10
C898,deepseek,deepseek-chat,L1,10,CI IS ASSOCIATED WITH ADDING EXTRA COMPLEXITY,DEVELOPMENT ACTIVITIES,0.95,10
C899,deepseek,deepseek-chat,L1,10,CI IS ASSOCIATED WITH AN INCREASE IN COOPERATION,SOFTWARE PROCESS,0.95,8
C901,deepseek,deepseek-chat,L1,10,CI IS ASSOCIATED WITH DEFECTS REDUCTION,ISSUES AND DEFECTS,0.85,3
C903,deepseek,deepseek-chat,L1,10,CI IS ASSOCIATED WITH BUILD HEALTH,BUILD PATTERNS,0.85,2
C904,deepseek,deepseek-chat,L1,10,CI IS RELATED TO PRODUCTIVITY AND EFFICIENCY INCREASING,DEVELOPMENT ACTIVITIES,0.85,10
C905,deepseek,deepseek-chat,L1,10,CI IS ASSOCIATED WITH TECHNICAL CHALLENGES,SOFTWARE PROCESS,0.85,8
C906,deepseek,deepseek-chat,L1,10,CI IS RELATED TO PRODUCTIVITY AND EFFICIENCY INCREASING,DEVELOPMENT ACTIVITIES,0.95,10
C907,deepseek,deepseek-chat,L1,10,CI IS ASSOCIATED WITH CONFIDENCE IMPROVEMENT,DEVELOPMENT ACTIVITIES,0.95,10
C908,deepseek,deepseek-chat,L1,10,CI IS ASSOCIATED WITH SOFTWARE DEVELOPMENT BENEFITS,SOFTWARE PROCESS,0.85,8
C909,deepseek,deepseek-chat,L1,10,CI IS ASSOCIATED WITH TO FAVOR CONTINUOUS REFACTORING,QUALITY ASSURANCE,0.95,4
C910,deepseek,deepseek-chat,L1,10,CI IS RELATED TO AN INCREASE QUALITY ASSESSMENT,QUALITY ASSURANCE,0.85,4
C911,deepseek,deepseek-chat,L1,10,CI FACILITATES THE TRANSITION TO AGILE,SOFTWARE PROCESS,0.95,8
C912,deepseek,deepseek-chat,L1,10,CI IS ASSOCIATED WITH A FEED BACK FREQUENCY INCREASE,SOFTWARE PROCESS,0.95,8
C913,deepseek,deepseek-chat,L1,10,CI IS ASSOCIATED WITH AN IMPROVEMENT IN PROCESS RELIABILITY,SOFTWARE PROCESS,0.85,8
C914,deepseek,deepseek-chat,L1,10,CI IS RELATED TO POSITIVE IMPACTS ON PULL REQUESTS LIFE-CYCLE,INTEGRATION PATTERNS,0.85,4
C915,deepseek,deepseek-chat,L1,10,CI IS ASSOCIATED WITH BUILD HEALTH,BUILD PATTERNS,0.95,2
C916,deepseek,deepseek-chat,L1,10,CI IS ASSOCIATED WITH BUILD HEALTH,BUILD PATTERNS,0.85,2
C917,deepseek,deepseek-chat,L1,10,CI IS ASSOCIATED WITH DEFECTS REDUCTION,ISSUES AND DEFECTS,0.95,3
C918,deepseek,deepseek-chat,L1,10,CI IS ASSOCIATED WITH A DECREASE IN TIME TO LEAD DEFECTS,ISSUES AND DEFECTS,0.95,3
C919,deepseek,deepseek-chat,L1,10,CI IS ASSOCIATED WITH AN INCREASE IN COOPERATION,SOFTWARE PROCESS,0.85,8
C920,deepseek,deepseek-chat,L1,10,CI IS ASSOCIATED WITH AN INCREASE IN COOPERATION,SOFTWARE PROCESS,0.85,8
C921,deepseek,deepseek-chat,L1,10,CI IS ASSOCIATED WITH AN IMPROVEMENT IN PROCESS RELIABILITY,SOFTWARE PROCESS,0.85,8
C922,deepseek,deepseek-chat,L1,10,CI IS RELATED TO PRODUCTIVITY AND EFFICIENCY INCREASING,DEVELOPMENT ACTIVITIES,0.95,10
C923,deepseek,deepseek-chat,L1,10,CI IS RELATED TO POSITIVE IMPACTS ON TEST PRACTICE,QUALITY ASSURANCE,0.85,4
C924,deepseek,deepseek-chat,L1,10,CI IS RELATED TO POSITIVE IMPACTS ON TEST PRACTICE,QUALITY ASSURANCE,0.75,4
C925,deepseek,deepseek-chat,L1,10,CI IS RELATED TO AN INCREASE QUALITY ASSESSMENT,QUALITY ASSURANCE,0.65,4
C926,deepseek,deepseek-chat,L1,10,CI IS RELATED TO POSITIVE IMPACTS ON RELEASE CYCLE,SOFTWARE PROCESS,0.85,8
C927,deepseek,deepseek-chat,L1,10,CI IS ASSOCIATED TO MULTI-ENVIRONMENT TESTS,QUALITY ASSURANCE,0.95,4
C928,deepseek,deepseek-chat,L1,10,CI IS ASSOCIATED WITH CONFIDENCE IMPROVEMENT,DEVELOPMENT ACTIVITIES,0.95,10
C930,deepseek,deepseek-chat,L1,10,CI IS ASSOCIATED WITH TECHNICAL CHALLENGES,SOFTWARE PROCESS,0.85,8
C931,deepseek,deepseek-chat,L1,10,CI MAY GENERATE A FALSE SENSE OF CONFIDENCE,DEVELOPMENT ACTIVITIES,1.0,10
C932,deepseek,deepseek-chat,L1,10,CI IS ASSOCIATED WITH HUMAN CHALLENGES,DEVELOPMENT ACTIVITIES,0.85,10
C933,deepseek,deepseek-chat,L1,10,CI IS ASSOCIATED WITH ADDING EXTRA COMPLEXITY,DEVELOPMENT ACTIVITIES,0.85,10
C934,deepseek,deepseek-chat,L1,10,CI IS ASSOCIATED WITH AN IMPROVEMENT IN PROCESS AUTOMATION,SOFTWARE PROCESS,0.95,8
C936,deepseek,deepseek-chat,L1,10,CI IS RELATED TO PRODUCTIVITY AND EFFICIENCY INCREASING,DEVELOPMENT ACTIVITIES,0.95,10
C937,deepseek,deepseek-chat,L1,10,CI IS ASSOCIATED WITH A DECREASE IN TIME TO LEAD DEFECTS,ISSUES AND DEFECTS,0.85,3
C938,deepseek,deepseek-chat,L1,10,CI IS RELATED TO POSITIVE IMPACTS ON RELEASE CYCLE,SOFTWARE PROCESS,0.95,8
C939,deepseek,deepseek-chat,L1,10,CI IS RELATED TO AN INCREASE QUALITY ASSESSMENT,QUALITY ASSURANCE,0.75,4
C940,deepseek,deepseek-chat,L1,10,CI IS RELATED TO POSITIVE IMPACTS ON PULL REQUESTS LIFE-CYCLE,INTEGRATION PATTERNS,0.85,4
C941,deepseek,deepseek-chat,L1,10,CI IS RELATED TO PRODUCTIVITY AND EFFICIENCY INCREASING,DEVELOPMENT ACTIVITIES,0.95,10
C943,deepseek,deepseek-chat,L1,10,CI IS ASSOCIATED WITH DEFECTS REDUCTION,ISSUES AND DEFECTS,0.85,3
C944,deepseek,deepseek-chat,L1,10,CI IS RELATED TO POSITIVE IMPACTS ON PULL REQUESTS LIFE-CYCLE,INTEGRATION PATTERNS,0.85,4
C945,deepseek,deepseek-chat,L1,10,CI IS RELATED TO NEGATIVE IMPACTS ON PULL REQUESTS LIFE-CYCLE,INTEGRATION PATTERNS,0.85,4
C946,deepseek,deepseek-chat,L1,10,CI IS RELATED TO NEGATIVE IMPACTS ON PULL REQUESTS LIFE-CYCLE,INTEGRATION PATTERNS,0.95,4
C947,deepseek,deepseek-chat,L1,10,CI IS RELATED TO POSITIVE IMPACTS ON PULL REQUESTS LIFE-CYCLE,INTEGRATION PATTERNS,0.85,4
C948,deepseek,deepseek-chat,L1,10,CI IS RELATED TO POSITIVE IMPACTS ON PULL REQUESTS LIFE-CYCLE,INTEGRATION PATTERNS,0.85,4
C949,deepseek,deepseek-chat,L1,10,CI IS ASSOCIATED WITH AN INCREASE IN COOPERATION,SOFTWARE PROCESS,0.85,8
C950,deepseek,deepseek-chat,L1,10,CI IS ASSOCIATED WITH A COMMIT PATTERN CHANGE,INTEGRATION PATTERNS,0.85,4
C951,deepseek,deepseek-chat,L1,10,CI IS ASSOCIATED WITH A COMMIT PATTERN CHANGE,INTEGRATION PATTERNS,0.85,4
C952,deepseek,deepseek-chat,L1,10,CI IS RELATED TO NEGATIVE IMPACTS ON PULL REQUESTS LIFE-CYCLE,INTEGRATION PATTERNS,0.85,4
C953,deepseek,deepseek-chat,L1,10,CI IS ASSOCIATED WITH ISSUES REDUCTION,ISSUES AND DEFECTS,0.85,3
C954,deepseek,deepseek-chat,L1,10,CI IS RELATED TO POSITIVE IMPACTS ON TEST PRACTICE,QUALITY ASSURANCE,0.85,4
C955,deepseek,deepseek-chat,L1,10,CI IS ASSOCIATED WITH A DECREASE IN MAGNETISM AND RETENTION,DEVELOPMENT ACTIVITIES,1.0,10
C956,deepseek,deepseek-chat,L1,10,CI IS ASSOCIATED WITH A DECREASED PERCEPTION OF PRODUCTIVITY,DEVELOPMENT ACTIVITIES,0.95,10
C957,deepseek,deepseek-chat,L1,10,CI IS ASSOCIATED WITH HUMAN CHALLENGES,DEVELOPMENT ACTIVITIES,0.45,10
C958,deepseek,deepseek-chat,L1,10,CI IS ASSOCIATED WITH SOFTWARE DEVELOPMENT BENEFITS,SOFTWARE PROCESS,0.45,8
C959,deepseek,deepseek-chat,L1,10,CI IS RELATED TO POSITIVE IMPACTS ON TEST PRACTICE,QUALITY ASSURANCE,0.85,4
C960,deepseek,deepseek-chat,L1,10,CI IS RELATED TO PRODUCTIVITY AND EFFICIENCY INCREASING,DEVELOPMENT ACTIVITIES,0.3,10
C961,deepseek,deepseek-chat,L1,10,CI IS ASSOCIATED WITH DEFECTS REDUCTION,ISSUES AND DEFECTS,0.85,3
C962,deepseek,deepseek-chat,L1,10,CI IS ASSOCIATED WITH CONFIDENCE IMPROVEMENT,DEVELOPMENT ACTIVITIES,0.85,10
C964,deepseek,deepseek-chat,L1,10,CI IS RELATED TO POSITIVE IMPACTS ON RELEASE CYCLE,SOFTWARE PROCESS,0.95,8
C965,deepseek,deepseek-chat,L1,10,CI IS RELATED TO POSITIVE IMPACTS ON RELEASE CYCLE,SOFTWARE PROCESS,0.85,8
C966,deepseek,deepseek-chat,L1,10,CI IS ASSOCIATED WITH A POSITIVE IMPACT ON INTEGRATION PRACTICE,INTEGRATION PATTERNS,0.85,4
C967,deepseek,deepseek-chat,L1,10,CI IS ASSOCIATED WITH SOFTWARE DEVELOPMENT BENEFITS,SOFTWARE PROCESS,0.45,8
C968,deepseek,deepseek-chat,L1,10,CI IS ASSOCIATED TO MULTI-ENVIRONMENT TESTS,QUALITY ASSURANCE,0.85,4
C969,deepseek,deepseek-chat,L1,10,CI IS RELATED TO POSITIVE IMPACTS ON TEST PRACTICE,QUALITY ASSURANCE,0.85,4
C970,deepseek,deepseek-chat,L1,10,CI IS RELATED TO POSITIVE IMPACTS ON TEST PRACTICE,QUALITY ASSURANCE,0.85,4
C971,deepseek,deepseek-chat,L1,10,CI IS RELATED TO AN INCREASE QUALITY ASSESSMENT,QUALITY ASSURANCE,0.85,4
C972,deepseek,deepseek-chat,L1,10,CI IS RELATED TO PRODUCTIVITY AND EFFICIENCY INCREASING,DEVELOPMENT ACTIVITIES,0.85,10
C973,deepseek,deepseek-chat,L1,10,CI IS ASSOCIATED WITH ORGANIZATIONAL CHALLENGES,DEVELOPMENT ACTIVITIES,0.45,10
C974,deepseek,deepseek-chat,L1,10,CI IS ASSOCIATED WITH DEFECTS REDUCTION,ISSUES AND DEFECTS,0.85,3
C975,deepseek,deepseek-chat,L1,10,CI IS ASSOCIATED WITH CONFIDENCE IMPROVEMENT,DEVELOPMENT ACTIVITIES,0.85,10
C976,deepseek,deepseek-chat,L1,10,CI IS RELATED TO POSITIVE IMPACTS ON RELEASE CYCLE,SOFTWARE PROCESS,0.95,8
C977,deepseek,deepseek-chat,L1,10,CI IS RELATED TO POSITIVE IMPACTS ON PULL REQUESTS LIFE-CYCLE,INTEGRATION PATTERNS,0.95,4
C978,deepseek,deepseek-chat,L1,10,CI IS ASSOCIATED TO MULTI-ENVIRONMENT TESTS,QUALITY ASSURANCE,0.85,4
C979,deepseek,deepseek-chat,L1,10,CI IS RELATED TO POSITIVE IMPACTS ON RELEASE CYCLE,SOFTWARE PROCESS,0.85,8
C980,deepseek,deepseek-chat,L1,10,CI IS ASSOCIATED WITH A POSITIVE IMPACT ON INTEGRATION PRACTICE,INTEGRATION PATTERNS,0.95,4
C981,deepseek,deepseek-chat,L1,10,CI IS ASSOCIATED TO MULTI-ENVIRONMENT TESTS,QUALITY ASSURANCE,0.85,4
C982,deepseek,deepseek-chat,L1,10,CI IS RELATED TO PRODUCTIVITY AND EFFICIENCY INCREASING,DEVELOPMENT ACTIVITIES,0.75,10
C983,deepseek,deepseek-chat,L1,10,CI IS RELATED TO POSITIVE IMPACTS ON PULL REQUESTS LIFE-CYCLE,INTEGRATION PATTERNS,0.85,4
C984,deepseek,deepseek-chat,L1,10,CI IS RELATED TO POSITIVE IMPACTS ON RELEASE CYCLE,SOFTWARE PROCESS,0.85,8
C985,deepseek,deepseek-chat,L1,10,CI IS ASSOCIATED WITH BUILD HEALTH,BUILD PATTERNS,0.85,2
C986,deepseek,deepseek-chat,L1,10,CI IS ASSOCIATED WITH A DECREASING IN BUILD TIME,BUILD PATTERNS,1.0,2
C987,deepseek,deepseek-chat,L1,10,CI IS ASSOCIATED WITH A POSITIVE IMPACT ON INTEGRATION PRACTICE,INTEGRATION PATTERNS,0.85,4
C988,deepseek,deepseek-chat,L1,10,CI IS RELATED TO POSITIVE IMPACTS ON TEST PRACTICE,QUALITY ASSURANCE,0.85,4
C990,deepseek,deepseek-chat,L1,10,CI IS RELATED TO POSITIVE IMPACTS ON PULL REQUESTS LIFE-CYCLE,INTEGRATION PATTERNS,0.45,4
C992,deepseek,deepseek-chat,L1,10,CI IS RELATED TO PRODUCTIVITY AND EFFICIENCY INCREASING,DEVELOPMENT ACTIVITIES,0.85,10
C993,deepseek,deepseek-chat,L1,10,CI IS RELATED TO AN INCREASE QUALITY ASSESSMENT,QUALITY ASSURANCE,0.45,4
C994,deepseek,deepseek-chat,L1,10,CI IS ASSOCIATED WITH DEFECTS REDUCTION,ISSUES AND DEFECTS,0.75,3
C995,deepseek,deepseek-chat,L1,10,CI IS RELATED TO POSITIVE IMPACTS ON TEST PRACTICE,QUALITY ASSURANCE,0.85,4
C996,deepseek,deepseek-chat,L1,10,CI IS ASSOCIATED TO MULTI-ENVIRONMENT TESTS,QUALITY ASSURANCE,0.95,4
C998,deepseek,deepseek-chat,L1,10,CI IS ASSOCIATED WITH AN INCREASE IN COOPERATION,SOFTWARE PROCESS,0.85,8
C999,deepseek,deepseek-chat,L1,10,CI IS ASSOCIATED WITH AN IMPROVEMENT IN PROCESS AUTOMATION,SOFTWARE PROCESS,0.85,8
C1000,deepseek,deepseek-chat,L1,10,CI IS ASSOCIATED WITH CONFIDENCE IMPROVEMENT,DEVELOPMENT ACTIVITIES,0.95,10
C1001,deepseek,deepseek-chat,L1,10,CI MAY GENERATE A FALSE SENSE OF CONFIDENCE,DEVELOPMENT ACTIVITIES,1.0,10
C1002,deepseek,deepseek-chat,L1,10,CI IS ASSOCIATED WITH ADDING EXTRA COMPLEXITY,DEVELOPMENT ACTIVITIES,0.85,10
C1003,deepseek,deepseek-chat,L1,10,CI IS ASSOCIATED WITH ADDING EXTRA COMPLEXITY,DEVELOPMENT ACTIVITIES,0.45,10
C1004,deepseek,deepseek-chat,L1,10,CI IS ASSOCIATED WITH HUMAN CHALLENGES,DEVELOPMENT ACTIVITIES,0.85,10
C1005,deepseek,deepseek-chat,L1,10,CI IS ASSOCIATED WITH DEFECTS REDUCTION,ISSUES AND DEFECTS,0.85,3
C1007,deepseek,deepseek-chat,L1,10,CI IS ASSOCIATED WITH AN INCREASE IN COOPERATION,SOFTWARE PROCESS,0.85,8
C1008,deepseek,deepseek-chat,L1,10,CI IS ASSOCIATED WITH ISSUES REDUCTION,ISSUES AND DEFECTS,0.75,3
C1010,deepseek,deepseek-chat,L1,10,CI IS ASSOCIATED WITH SOFTWARE DEVELOPMENT BENEFITS,SOFTWARE PROCESS,0.7,8
C1012,deepseek,deepseek-chat,L1,10,CI IS ASSOCIATED WITH SOFTWARE DEVELOPMENT BENEFITS,SOFTWARE PROCESS,0.45,8
C1013,deepseek,deepseek-chat,L1,10,CI IS RELATED TO AN INCREASE QUALITY ASSESSMENT,QUALITY ASSURANCE,0.85,4
C1014,deepseek,deepseek-chat,L1,10,CI IS ASSOCIATED WITH A WORKLOAD REDUCTION,DEVELOPMENT ACTIVITIES,0.95,10
C1015,deepseek,deepseek-chat,L1,10,CI IS ASSOCIATED WITH AN IMPROVEMENT IN PROCESS AUTOMATION,SOFTWARE PROCESS,0.85,8
